{"file_hashes":[{"block_hashes":["5iVJB1A8zfZzum+E8xPrNwYgnqT2bw4IMX/Fa2BF1zE="],"block_size":4096,"path":"_locales/ar/description_from_webstore.txt"},{"block_hashes":["gXl4L8Oj13FFM/F99wKL1lMOhC1XeS3Ld8uYX6Pe+2o="],"block_size":4096,"path":"_locales/cs/description_from_webstore.txt"},{"block_hashes":["O3BTYxiNco+f1X+0LjMK1Mckf4jRz3olavvnzGukIY0="],"block_size":4096,"path":"_locales/da/description_from_webstore.txt"},{"block_hashes":["934tJqXImk6m5DE3BHaEmkjnf/XZVTFEOM3tz1wAP0o="],"block_size":4096,"path":"_locales/de/description_from_webstore.txt"},{"block_hashes":["OT7ne/TJLTCE5Bfaq5CZ2i+DZzBIp8fjn/oA5LorjVY="],"block_size":4096,"path":"_locales/en/description_from_webstore.txt"},{"block_hashes":["X0nnOTbLP9wBPr2wCHN2yh1poJLBOTchVLAUc7RGGa8="],"block_size":4096,"path":"_locales/es/description_from_webstore.txt"},{"block_hashes":["/eJeSP0CnxUNKZxKuxtQtkcdClNOxzNkFuAVyU7zrV0="],"block_size":4096,"path":"_locales/es_419/description_from_webstore.txt"},{"block_hashes":["cLU6sGXBs+qKyn8eMXgHVKm6kJDjzLsjenLAJ3ct1Gw="],"block_size":4096,"path":"_locales/fi/description_from_webstore.txt"},{"block_hashes":["g+/4jzLaR1tbSG7AA5cUav6nn4m0j4Hprg7fThNQbKE="],"block_size":4096,"path":"_locales/fr/description_from_webstore.txt"},{"block_hashes":["HijnPuLLU+jYGomOWECbWaj/4Tij8GbN+P8hoK6VDrM="],"block_size":4096,"path":"_locales/he/description_from_webstore.txt"},{"block_hashes":["Udj4Z0D2Xy+eSa7t0DeEV7aT3vMVAKZyz/YSQx/Ws80="],"block_size":4096,"path":"_locales/hi/description_from_webstore.txt"},{"block_hashes":["+KjdP6rKZyux65t4K5fZE1gAugAB+/a/7YgXDE0DxD8="],"block_size":4096,"path":"_locales/hu/description_from_webstore.txt"},{"block_hashes":["bg+QIAV8WSRwwzN5iiEPho+c3B/4OGB1t1umyKODjcE="],"block_size":4096,"path":"_locales/id/description_from_webstore.txt"},{"block_hashes":["9P5v8YZaeI0JbJXyh3PYsuGMfYzStB45wqcMzQIKQME="],"block_size":4096,"path":"_locales/it/description_from_webstore.txt"},{"block_hashes":["5tgyyrVA5H9fkTUwadsmiH+45bX7AiXOmuIFwV4wbVY="],"block_size":4096,"path":"_locales/ja/description_from_webstore.txt"},{"block_hashes":["eGP0Q+NNIj+Alx1NFlqu7u6ScLl7UxJXkFk2+XPX4tw="],"block_size":4096,"path":"_locales/ko/description_from_webstore.txt"},{"block_hashes":["7UTQ0xnP+T3EUswsBZiBxWWOKqO1QKUtTBu/6wRYbWU="],"block_size":4096,"path":"_locales/ms/description_from_webstore.txt"},{"block_hashes":["OpMs1Y6Kua1D3AiuOQ7afCicQvA8egH9HGwG1zYGXe4="],"block_size":4096,"path":"_locales/nb/description_from_webstore.txt"},{"block_hashes":["YsAje08JR3Z4Pss5R/iIy1Z45c9Hoyaepbz5px6MAqY="],"block_size":4096,"path":"_locales/nl/description_from_webstore.txt"},{"block_hashes":["hQcgnbjGjFNkkessNvlHjkzXkbZfVjvshZQUwGLMLTQ="],"block_size":4096,"path":"_locales/pl/description_from_webstore.txt"},{"block_hashes":["6gJfPggAvpCS2KK9DOfG/xjKxCov0ELHR1RYFSIZaCo="],"block_size":4096,"path":"_locales/pt_BR/description_from_webstore.txt"},{"block_hashes":["ZdYZqfJ29jnGjIV7RQ4P4Tq2qI7LlgBVhDIVaMlKOdY="],"block_size":4096,"path":"_locales/pt_PT/description_from_webstore.txt"},{"block_hashes":["FpGdtKE5h+wSCvo5fgh6P59RsJLOnMN6hpX2zFZO1DU="],"block_size":4096,"path":"_locales/ro/description_from_webstore.txt"},{"block_hashes":["ZXgASU2nzMIh1VTMQeQCZDNfOQxYzixq89kluUai8/4="],"block_size":4096,"path":"_locales/ru/description_from_webstore.txt"},{"block_hashes":["Ixfmde24t3oE491ez06xXEZ/4edte+HGsjR6W4LaCp8="],"block_size":4096,"path":"_locales/sk/description_from_webstore.txt"},{"block_hashes":["NGxYm7f182NCM4OXC8YXifXf6+IM7U6zTZEjkjSrRNk="],"block_size":4096,"path":"_locales/sv/description_from_webstore.txt"},{"block_hashes":["34MHONuJ4EYzybRiuCC4Mhj+8x0RapFHwXpdC7MEEVg="],"block_size":4096,"path":"_locales/th/description_from_webstore.txt"},{"block_hashes":["unqzEAsHp4Ttai3goTddOplXqXcav+R3cpUWtJO5ZiE="],"block_size":4096,"path":"_locales/tr/description_from_webstore.txt"},{"block_hashes":["qqXB7mpR4jF9i/s/w7/rtNsqv6O+VLlBVJ8yfhxiuE4="],"block_size":4096,"path":"_locales/vi/description_from_webstore.txt"},{"block_hashes":["sPZ6ye4SALePYCb6A17JXcZbyYmnjrAFMgcr7QH6VPU="],"block_size":4096,"path":"_locales/zh_CN/description_from_webstore.txt"},{"block_hashes":["+oDPIEG8S9w3MJWcsqLQzu9oD/RQQBLXesVfMRCRBT0="],"block_size":4096,"path":"_locales/zh_TW/description_from_webstore.txt"},{"block_hashes":["rPohvcJNC+zf+RM8zLNspyO64XK8f73Bwwvz5c+ZvkE=","JI2wHBmZoQzjnppoNygu2bP3kHicVNrZKzY7483NvvE=","XPS4ntYYwyygbZeV8g7HdGzjJ4un+tXlnjb9vA0arPw=","qeXBWGc+G4qo1P9/8uf2n1JrPCU+3/jYvZAiVwnj1VE=","SwKkTzr3YFZhaurt5Pz/WXKwcIWtkWGVqnFiO/0lquc=","69wTuDFYgpOdGeJATfhSNql6xvQYzzODzvZkfxLTa4o=","qYB6xNnKLy9W78+Y2XRSFO2NkQx5ZFQ1rvnJUQ4Dn2c=","oNPch7rtVShlNScJH9sHaTB0RpylvmxzPdL+aI9JOgY=","07UHBNspjp4xjdU3uplWhrtaRNspwiWLjPxePfQioxA="],"block_size":4096,"path":"ext-onetab-concatenated-sources-background.js"},{"block_hashes":["c9rM8hBfU+I4NKKPyCMUXwPUefQS2eUwOwsYiJuS9dE="],"block_size":4096,"path":"ext-onetab-concatenated-sources-contentscript.js"},{"block_hashes":["EeHaZqg/u5A0idqLoArPR1LfFfIh3GBazKzfMdsRsVw=","uX15kluXqj/MoiWU750LXLNFH3eQEtlYlHGlkcGrQZQ=","4iwFfzA6DLQSBz3jAiUHNxMv/G3/aepG3ZJf3xtcl9g=","FxM8dWp2MW+U2zHePcP9CDrJJbytWqsLQo0P2bWobeM=","hfMMTswzj2wcnPITCZlCbPwWnkzYmPGsT4MbPPZVxwM=","PIhvMxOZno6HjuvuqZifXFfsEbX9qNSY9ioymCJywQc="],"block_size":4096,"path":"ext-onetab-concatenated-sources-import.js"},{"block_hashes":["b84wUl2x42YcYBc7ls6GwNob6oynlyn4EpoBaZMGl+c=","SFwlxXRhYjzlS8IHLGQ/4cXFKxkd/8E9KR6gEoFQRGY=","B2Yf8fhgkHtvkLPKrKWvgalkXwm1Pj0Nxsos7+fWZXg=","kkrM4Is4zftFCYxddsQMP8HEwcPYgw6CjH5zrm3AAFA=","j6whbciDxK5XCLO02zYPFFXN6ubJzYiToQvCts2d4Bg=","QnYv+KuHh9nQBsLkpifXC7O2eJxrfCiQdjsLBWn3wZ8=","Zx1fBV73i5seP2yFD+87oBsDcGYzIANlVXwop6p6Oc0=","sjmPzi9p2Q6VTLTQMqC2/Nl8JYZ4o4Lt0bL6FtqkU64=","4H7RwbLLMXitXCq/H6TxNj7CvIdkDPLAbiCJXKS8Uig=","mx1JiN2Ho71FcBREAN5Cg5hJ3FTYBndEJJaGG/E7d4M=","9TJjb0izcHdN8mgUtDaa2cx+YT4AOfBmjTgsVGytvOc="],"block_size":4096,"path":"ext-onetab-concatenated-sources-onetab.js"},{"block_hashes":["gFM5ULqRFUj3UZ08l+y908tSz9ETc+WgPonFDGaEKU4=","4B34h4DB7/wL16uhZfL7sNgTRG8jD2qH4pw1N79rnvk=","WrD6+Tbv4WrEeCmYyAaqdYMyJh4Pom+zQ2gjtAms+n0=","pqZKVIz8y4uGsVSKXL/pXfCUU/RH7U5j1X5SRvV5itg="],"block_size":4096,"path":"ext-onetab-concatenated-sources-options.js"},{"block_hashes":["pOEBXfYUZZ9ViDWH5sPvJJqL1h8X9/12S7n56XTbnbQ=","Cv0zjY+Nplq8s/rIFSpWhIiLp+7+DRspgxfCR2riN6s=","3c/4iSpMIhsrN50KCm+/EHtK4OZ1DxZG6wTROz4YqtU=","STr+Z9W46rhxEyVRFlw4IjWDzZe6It5dqUT2ykdimSw=","KruXueS4pxXFYM/BqjR0DRXFINEGr2FVqmW+rqmql3A=","aOPKQ43Rv5GoNRx+Uy0GaJiDBBo9GOQv80AydQYLftY=","tLP/F3ukjqdekHQUB8shNwwvZHM/7HTk0BAN8AREA6A=","m9SVXQXeelwF2z8gpZqb3AguTBrcPFCBTp0YytICzQI=","bU5nReOnPerc5ivIjn7JpnC+lZfNWwh4ofR2bGrT9Jw=","7j5ePb9VePxgEO3+i5shXw4AUbBsbM93b65M5In4z9w=","q5jVvtuzbqHlQYj+gpht4Yll2UeLwjgCxWbnlcV+Xvw=","iNycQbijdM4gZFwsjNtacoEAJNhp8z1+nJl52TYqIJE=","oCDv0EK2Dl9xvz853p+TGwd7OAtKUusvPToe9DyngzQ=","m04N9Dx8Fw+RWMoCbA+zEGnqrBjBpCX4JsD2OQtx5lc=","EJk0r/hB64WQ9rBiCRF7MnhBkrPiXIORNSM8qY6zJVA=","fqJXoWVjxPl1J5ZJIRAm3YhUJLaDra8NRokfAYm4cCg="],"block_size":4096,"path":"fonts/OpenSans-Bold-webfont.woff"},{"block_hashes":["3PXMkI6uOUfoht0cDw/PHpTDMk+vBU1NloBl2+/rUG8=","s6NyxAK4d3c+zDNBSs5c4usJXPuqgeAKBqJp5B46TJ0=","9Zu6b+q+aQrvuQtP32ktD6kFg7MO/F80KqwxOo8JKoQ=","u9N34fQ0+2Zjh22oIj4u21aZcYg3d/aHMLEOJ5FFs34=","WdlC5kv5xPD3EUctpsEVFFaOUPteT70j89GWPavJ+6g=","L7NtVBKQNA1YjZooltKDFu+NiFUUy6WE2glYvoL3hGk=","Sp8YiZ955seRbj8F4QdM2UWG0MCPMbBoRgde6csMYjc=","BvV8eDGBp59fHjzjy0XOmdCW5UPR+wGZCO5H/HySfN0=","OwHlJbLSuSzIvNijameoqdwdgbeIkw8BlYdfGRrzZ/o=","PIsJDe3mQ7BujVQaxNvyrPIFX77lUddFJNQ9nRPkapc=","3A3r9yWTivKUfnpvWEf8lKZFEYofWtxloLEAqDCnpqY=","NMiZkPltEKVc2//B/0bA2cefnqg30Dw7nHhlb1Z8ILE=","bEYbvFc90ipGo3TKUDKYaejVWeMU+pAtL+AdytOaGoc=","9xlLRmiUK/hXXWnDATr/rb7IrVFseSh2mhibdlmJjoc=","ws8ABvsmIbMC36qi5WZqpr1Is6+jamqVl7hpiR8m3r8=","H7BMUZSmdWla+7cxPKEl2UqRULrv9K7Z9tGdGxfzIXA=","UqXy8S6SpJwsa5BPaAIhFIfn3bIYjRgjVT9KOGV68Yo=","klLM631LICPYC77UjN/fygjyiKxF7MyjG73J7p6zE3A=","X7dU+pl+GSsE+W6cNZRxKRgcqWx9K6EtGXGI6PEc3L8="],"block_size":4096,"path":"fonts/OpenSans-Italic-webfont.woff"},{"block_hashes":["iGmCkpxRHUIdbCBQFwkgC22XOO+Gv/VgRG3ysylW9tQ=","Oij9/0d3WawpZJshgbocO6MJrF5tj1Z5Slol5ap2PNc=","2b0ePo66lrIO9YlF/q98Ekb4fzCbD1Q2iGXO5dl6HzQ=","64aU/wEefR8fkWVbIO97KcFHNSMlmzndEObu407tM40=","5+efvoEEvkgz4Ol6YPxE9xweETRkH6ZK3IiaGahiL3g=","42gHRTzEJKJdp+Epnr61fbtBL+bEeHSKctrhDuZtv3w=","ZvUYWpG/wTG4iD0xNsNQ2uj7vp0Z5uX2EOhloYdKYkA=","y8W+FcJDuPnJrU9457jDIRumy46YGN0+q2hm+2guXq8=","8ZLMRB7UHYo56A0TnYTtAS+ztZ01QzwDhWUxkWXbUF8=","qZO+oCSd9OtX1Wn+aMdZ9dVOFMdJyIvDQ0r1+Q5HQDs=","gUhQPL0FZyCrYv0NGLkFD8Ly9mOTij2hhnTXL/0mx8c=","DYR1AMScbiK3WuEk2+Copg+7k6D7Ij7qzt5OKxvajbk=","2S+OFIqs6tLLUkeYNZbqCdhKPfhKLzTUngz4xNd7bQ8=","x4qqwXvjlWABf5QVmdoB7AsV7K1f04fecoQUSwOBzlM=","jVLtq+Ico6TLd9qxUlzUSRzvvlkzIylJTsvmAHicC3w=","UZtLjT7AEu/SvF4JvbABPmfm7Wj/r1l5h3vzhpLx/SI="],"block_size":4096,"path":"fonts/OpenSans-Light-webfont.woff"},{"block_hashes":["2sG4NNSGmuWNEZfpPj0oFgr6A5/wYFGgZx10QAeuIpQ=","elr0XIs85aKPxOtl4VwNNfIL82EXiaI0E4FsX6qLOZI=","jIMjb9G4udZS9TBNeEBdnhBmvz+pq3GatDWvGKGbAcw=","q7jfF5X6mBMHjPm8rqInPFYwo+MSIp5cC2ipN4uOfJw=","ZDZZIoMm/jyhWwnyHGUWHbivR+ObIVh8SWrdnzg6LVg=","J5mGgpyGOx/w84EDDTkxvRH+vHtq6tUekkTghWFSYKc=","Yvl5lwjrg955v/SZq1ioAC6r0i0RzX5/Ih13gClQQD0=","u+CBAQMyEj9LXb8h8JBle2XCE6I2Y4nICT6fFqJO0Ac=","1jmJHBycJV5WMhjILMJ5H2i9O8malT0LHQ/W3N4BeGM=","6d2PaAjeRDwOlke6OFC2dDCcE1uyZq00p27/FJpDGK4=","EMyGmYdHKvESL77jANapJczMyYCtNfcDyrQh+tcQPcc=","xK+aI+SVg3eiuEu+1bgCxTIBnMuQsOoVhf/60FZ6Yw4=","ILr97OmUxK1rE/fo8kuZJiRVUHWSKwHXHda82iJ8gwY=","n7f9z+VXofYqIydYVmjH02qIBmrFoaYqC3iWKqQHeTI=","a/6qD0f1Aza2VzOLCxBWhQIy/bWI+iX0tafodv8h7Dw=","CWEvmv15Ug9WfjXPHwZRYMTaMfgPm4tBTLyLDz29SXA=","2iNHHwRwsRcwFlrHs1aWjkb8MNwWEzv8oq8NI8H7+bE=","6Bh8bo/kH4Mk8aEag2iFhNFncfDkEhKaypvhmeLf/hc=","S//dqG4zP1KQbEQyBuya7sw4zu8gJ7DGAACN0YwpsbQ=","+TCq7sq7IFWjE4x2SeLfamRHoaNn0auk4xYz2ZUiPr0=","EIW/RzQamSwqBPaBcuhOzBatsUPMNZsjqw4Uyz0SFIM="],"block_size":4096,"path":"fonts/OpenSans-Regular-webfont.woff"},{"block_hashes":["8mQt3mm2ZfaON9SKyZ0lcWMTE1DWrBDzg8rBa49ySM0=","bvex1nKdeKf2D+nD2gSj59HMbi3AXbuTgg0zQBZCmRQ=","cfmckvDDeXUpK64mgHqhe2qC4xrsy5rXLllQrjvfMwk=","gQUx8HOY+RcHWvAKuZoVqaNI6Tn8UsQhINXhlIf1Y+Y=","laUAd8yNjqfuxQwUK5PX5fp5QKqYD9xHfIPEyyy7pO4=","Zuh7iHa7XsdQwCNUo61ysnxGzAxUsioXZuqyoy7dRjg=","A2bOWURopG7iFo8hUQMs2ZGGG2I2sW4sKQl2to0iDno=","do4nkvAbue0u41XOkZLY5/AVjFsR1sFh2NXhXwdbtAo=","vib/mL2FGhg1htCJkImD1f/xaR92A0lnjMk9nWGN0Mw=","GwSjgloK0T2RlFHHT83S/bRyxCj0rLs66ejPy3M/fJY=","sLSjiPb/f4wcl8jcQHp5xpdYFk//haYh8PZ1uskmsZE=","JCM2tTAprcjMrdXgcTuPZXlFKq0ZHCNOpnVOIFFLiQY=","645u5z8WWQXdPQL+SX+LHGsC85V45wetFbwOKkwVSqA=","eOOpbMp1LmJVJ+dw/rKUcrPJ9YsKfrzEGWe13lO/vd0=","hc9s6ffmj0aQzoCyfcbn0t6Lo/kTS97Qjh2wfHKOB8A=","AUWanr+7JuyaNw3QZyfsRKWIJhwZRXyfkhFfTVPyzoQ="],"block_size":4096,"path":"fonts/OpenSans-Semibold-webfont.woff"},{"block_hashes":["4JeRQNt8raKywILydVAeuolkJ3vO+/RtCkin5Yz6Rxw="],"block_size":4096,"path":"images/checkboxradiosprite.png"},{"block_hashes":["OqeTJJOlizHLBlkb3cmSQxjKUIMjWXQGa5NXpdbjRi0="],"block_size":4096,"path":"images/cross.png"},{"block_hashes":["dBjxmL0qmhglWqLsSoe7te6isKAIQrXWGbiUpa2Gn9g=","zuI/Md9qVqYna3UPXzYz8e0IOwYxbXENQ/UVgCTC8J4="],"block_size":4096,"path":"images/extension-icon64.png"},{"block_hashes":["CLtFhYS01nItKmOwZZPvABDhGDJH1JPyPKnq3cGpP1M="],"block_size":4096,"path":"images/lock.png"},{"block_hashes":["Zmq8jMRF6GoyIwC02P56qu2EEs6Q4xNYDfTdOUdhcHM="],"block_size":4096,"path":"images/star.png"},{"block_hashes":["/B11qVWReq1p8WdnW3CDkelgbrBp0zLcnKA5xBxOYFs=","0X/3G9N+ecgiEJoOwTB3ol6Zv5fQrR0mKsQ2Wou5l68=","OIPhMB41nAKzM2llAQL5qEbh+WfW1OB36R//qayePFw=","h3wOY9fhtNun1hzkzzf03ovl4egkp9i9EhBP9q/DXnM=","skJVBtaqT7dRsPcdmes7TwY7e5OTCffdQFL8OfBmegU=","iMhZML+9l5rG3kMiO1N7Do0OsIv2m3nXgMxnzc+IFi8=","tg5Mbgv1RPSfsGjHXyxvsU6EXqGsduyEJp3NPl9ypoU=","ZUVVccp1aNod4JYMpelYlo8PfcSri76lKYjfBmahTxY=","ZYFSlgjmD+54+oedK/ny4dGTNlfYTtfVwgOd9XqK56c="],"block_size":4096,"path":"images/top-left-logo-rtl.png"},{"block_hashes":["+dKvy9G4SLm/+4mopZpvEnT8JH+Fa+i2BN/ASdw5CD0=","7JLj4yIKpSXIBUB818IddvlKVmGwXzLn+c3gN7Qe2tg=","ul0zeyTTWtFk9Emi13YJDWih51kB4oI/pDcJpdFmUhM=","3hKV/NYvAy/PzsQX7jEmV9h0Lc1NqMv1ZGiqI3/meQ8=","ZmcucYHeuvWeKcDg3XCOjeTqvCzVrEnOxGZyUT8Htck=","Jn15aNYh1kxncdCGexQpoETr4guT9oQIX27exUyo6SM=","MIGE68tFtRbiBbrUmiWl+4bXYVxP95YGiPtKOetW2Hc=","fj6kUzRMDCNFnNX+7SE8KASOsmGJxYTP2frF9HB6Y7U=","alWBKM6S+w49rjt6fTYmIW/J9NQBI49Kgnh5F+YkPwQ="],"block_size":4096,"path":"images/top-left-logo.png"},{"block_hashes":["N5SXDpQF4x0RAc4ToaaFkYzi8TuY/Z4QSKfYq7H3C2c="],"block_size":4096,"path":"images/twister-closed-rtl.png"},{"block_hashes":["vlC11qPcvms793s1K0tQ8Cmbm4ypR0H3GgQDHlmkab8="],"block_size":4096,"path":"images/twister-closed.png"},{"block_hashes":["DfxIdiMHCdvdch2JBcOYHQkyLeUW8ebXVuI4YVH6qxg="],"block_size":4096,"path":"images/twister-open.png"},{"block_hashes":["i2wpFHgKW3SQQlRLpQwPbsrmGEXY2evIkWEiazrvs4I="],"block_size":4096,"path":"import-export.html"},{"block_hashes":["9PbyjEEQF6Bdz+ia1y7qMJ43h1U6B0njL7khc1sTlMg="],"block_size":4096,"path":"onetab.css"},{"block_hashes":["RfSpnE9NX3XCT5XF0IoDt7dBrplXs7qC0svu4G08QQg="],"block_size":4096,"path":"onetab.html"},{"block_hashes":["jPntp2mQlZuzK/YMqI6YL/CPpw7vEdG6r17iQ0pwqCY="],"block_size":4096,"path":"options.html"}],"version":2}