{"file_hashes":[{"block_hashes":["GSpb6Bs4ASJ6Ivxqm3yg7GaBFwkPFUEdB1Cll/IRrKk="],"block_size":4096,"path":"LICENSE"},{"block_hashes":["6CMFlgs8yWdkr4huS+Ptzzs8Tc3wKAZZtk6DKZxTegg="],"block_size":4096,"path":"_locales/fr/about.txt"},{"block_hashes":["QeUpi9s7QtLPGVvAtF3r9EqQoyJTppuHpINPUkYWWkY="],"block_size":4096,"path":"_locales/ja/about.txt"},{"block_hashes":["boYLmI7qORd2Smt65Lsy+j1eR7CD9sZuBTPdDtwX4co="],"block_size":4096,"path":"_locales/pl/about.txt"},{"block_hashes":["ZytmXdrty/CLJLwrmtQVj7A/kodC6u3NnQKXfiMobFQ="],"block_size":4096,"path":"_locales/ru/about.txt"},{"block_hashes":["7aCAe1Niso3GOpLq93GepAfmurINkBmUpEkJ5lmO8/4="],"block_size":4096,"path":"_locales/sk/about.txt"},{"block_hashes":["nRH6YymhWDj4WeHfszLzAjNnsGbrMXCXLp0Cwhi8giY="],"block_size":4096,"path":"_locales/uk/about.txt"},{"block_hashes":["VyRIQRtuMRnI/7xFmQb+CLiq49GEh46TuWL4eywgAfY="],"block_size":4096,"path":"_locales/zh_CN/about.txt"},{"block_hashes":["nFvgxGrxkAgZvdUX2zWzyCoW1O6nkrfdEmWB/5Uvt+M="],"block_size":4096,"path":"_locales/zh_TW/about.txt"},{"block_hashes":["w0wlUjfs9LCtXpuzJXF7QRrwo4xFm97Z8fTA4JOVbtY="],"block_size":4096,"path":"action.html"},{"block_hashes":["miTZ+y8upMV413AGsXpDmedA5FhevuGI+t7DOF935S8="],"block_size":4096,"path":"action.js"},{"block_hashes":["RwfLHdwGS3kSC3UO+Mu4fc8wZf7Y7+oU/iemY2v7+Ao="],"block_size":4096,"path":"ask.html"},{"block_hashes":["8pbZS8TqMd+tqSg4R3/nnrcsXpWbDFtEmzudTCcbOyo="],"block_size":4096,"path":"ask.js"},{"block_hashes":["Pes60rOjnOuAWZdeGLE1DWKrqOSmWkXYtW3LZLRVKxA="],"block_size":4096,"path":"asker.js"},{"block_hashes":["H7KRgXmmhGYu7jNOMqaY7nFsL9EPEjnP3KS3UTV/Ycs="],"block_size":4096,"path":"background.html"},{"block_hashes":["sokNY3DnW8JSX6aHER58wK60FkhDjD3X6LvLJV2vjgw=","vw/5w13ssgAg209RHIfXs/UZtU3kcUaSwGnTAGHbdeg=","O2PKOcValru3PAUTWWccIivOsC3Ehv29gKL93u+s4UQ=","Jbm+ubbpv2IjFy3wBFUdQnNF3poxBVvUQVF7sH1WPx0=","KOE2Kj/gi7em9kwCXQCAfdTPH/US4StYxILStDwTduo=","OwzAUf1ZIBz8s7zObruE+a88b9aG1sz+2stSbKNaEZY=","v7kU8l1JBVF5iqK1DRMah4agz3k77cD/9c6fRF0bce8=","ULhzrDS6NVQ8ChxAoN83+AwyAETeFrAaA6sj6X8bAQI=","zPZEvTVcqawrcx65MsQEanU0HIzVg/+9K+XpQu/y3oI=","k8PJ9SEaALEvgbOVBPetm0xO70VkteVlQVWC919cca8=","7azNu9RW6qO0RwHikIDVqorWpI+Nl6G9jNF8AJjFbsk=","CkA0uVsLPcYu1xgYbII2xNo7o/+V8qoMwIZdFIRaYDk=","jCW0AdiVaOeFShe7BgT0DzB7X3r6eawphj6CtX2E97A=","hDKORsIXNIO9Xm0xsWpL4+A/zl8bIS4/ekB+WsYFykE=","G5hCK/7nTc8NPdI6QjI8FIoqmR0qSXwgvo8ee+OvTSY=","thbBTMOzkRavVc6xKTOFu8PHYQZZ0Ez69vXq0TQMUIk=","3P/AWeN9i1Zt+8qkdr65rrraKA8ZcXotSCxEFQh9Gxk=","4ZnGMLbjBMPqA4O08KboTd/qqSZePWbZAqmIuEbktIc=","SS9N775RAaRAKp9U6LO0+7d0TWUNI2sVTbv5yPCmwr8=","4CYCLo1igqf7GvpXpPMq132ELyGw81gTUI3jSicyD0Q=","YCuDG/Bif64JNPA7AMkMiHF2jTGuwR0NGwInmvm5OXI=","9QOO1ZnzlUeU2rQTv05zF25PDjzu4SpDzy/lkbJtNWg=","M0OuJDOqjBPkZJfwe27hnCknrNBxoCrZlc1N/2H9oOE=","1D3rLgFamQqdwlPiHYI6zPp+i+XuIY9oxQ66iW2YUdM=","Ka9qInXdASvtOa9VRsfF65rrrGC83x6uYdi2DAHRhck=","pogRKsTbC2fr/IBoqM0BcuhGxDYtxOJshUMVYPkJTR4=","ZLrAM2+mPQ5Logtyvqib3IDQ14Gr86FMzBKc3uCo3hA=","QdNtblKWd1/ZJSt6NzObYvZPh437sIbTo/ou89zIzcY=","O5XVeItpszfFwW5w7IA9dkVD1dmxEUnLhtO35zBV5Qg=","IpwFNlCCpE9WtQ34tpHvvSxIKETTIl5N6SFwSZbJq8M=","tu7OVf8iE67hgDXgvEzO8HN2GSqo9VvSNHsC++gfwc0=","TwHkW+i1abqg92lOLwU1yohbCyLuaWar5feX1ZB3BjM=","B0RP9QanFxxCsbu+iCTJIH4O2KVpFQWPCGVp3dtHqCM=","9s700PCZ/UZT74HIIn6uHUoZp5ff/DD79SV3uhQbGS8=","vZSV1ygWDwLXSpOBHUBuJAtGT+sG7PyXQ+76PxbuOPU=","HvNp0W80Tn0AUXW1gh8b3TgzrH6g4LP9/p4/76D8Mc0=","xpFI3pTmXdSdtj1gjOGHLtdmAvVGoeKethbO5JwU/tM=","gyTvJuwBakaxLVzezvbK3CG3EMjB3VTR4hrXZCpyknM=","CZTNNuyjvFAbANHp69jk3yo2KBrunn8awBIWwwPP8Vk="],"block_size":4096,"path":"background.js"},{"block_hashes":["UOIlO72g8UuWhIGMI1Ky5nMZ0fGkEctx2m8s44Ef0CA=","P8TOXHLqaHX43fvtb6EgldhraO1yG8JXLG/vhjKX0i4=","auf44dnybcpTpwagLQVq/uH+R0coTGlsoWZ6guqdolk=","vFI6JvGPboH0XxaOfV9jQZqnHdifsrlv/FwAyuPKnN0=","mkJ1N9qe10DzYQDUkvjr4AQG8CrfwlTlTB5x5LOfWdA=","OW7C+PoA+aITEHXNkfaZWvxoX9gHJQwK7GkaDjdcLyA="],"block_size":4096,"path":"cloud.js"},{"block_hashes":["dpwb2NsKg6SVqSkq47ZJqJxX5WQZ8hcxD/Z/8gG3lc4="],"block_size":4096,"path":"compat.js"},{"block_hashes":["qHGSCnlIhD8hz4XXXMDhRco3WYzIaccNZDDrjm+Cbso=","kxhV2iy+lwIwbon5R72ubZkD348dXf1qeELqef5/kU4=","9Fz3aG2DDPXNUsQG1QgzSdImhhMuG9xPbew0l6ESPh4=","xzUrxASmMuJVg8QbC2dgKTMJ1XmCYsqs83S04K2LZHU="],"block_size":4096,"path":"content.js"},{"block_hashes":["aSAVwgMiJprUxAzvGqz5c95l9wMYZZO4fJJ/ktTkRGA=","fLyto0lyRuyuFEWjlXQKWs8USCQulrHh8lsBCL6Qo/A="],"block_size":4096,"path":"convert.js"},{"block_hashes":["K7QRZv3Yo4FxueoWsA1ELouHxukTfjDDyBfrDiszclM="],"block_size":4096,"path":"crcrc.js"},{"block_hashes":["nlNiuqdBkiLeWuzeEEcBpSbwH34v7ogE9PmGY7OGzmg="],"block_size":4096,"path":"curtain.js"},{"block_hashes":["8HHYOEdnUYiL68dpUCdt4EkvnmEpPHv7a62TWzqau1Y=","lsUOk7/qs2YfrdUbDiJNaF0Gbs1u9/Y47UJRrJRN9Kc="],"block_size":4096,"path":"downloads.js"},{"block_hashes":["LG1FSEyDuEUDwRxAmpIPnbI6MVZzTjEZLT0mQAyZEFM=","QSz+R/pYBqhhiYpdiOupG260qU+OQcpzh5Zd3C0NSRs="],"block_size":4096,"path":"helper.js"},{"block_hashes":["l9DUopvpASINYIPEzRKEYk9aV3MPjfBwFfRZZdWMjVI="],"block_size":4096,"path":"hinter.js"},{"block_hashes":["WtuZoNx6WL9uSHTO2SdUK2zum2pIrJuLnnVLQ4IZa+Q=","BIq+Ag85i5HwyYAYN5LQJCYnkoROHByBr50/nWhawM4="],"block_size":4096,"path":"i18n.js"},{"block_hashes":["xaEV3BiSHb4pBiffQuZ4YI1Q52YCtW/1AxaP9LxCkyI="],"block_size":4096,"path":"icon.js"},{"block_hashes":["Rnv1U609AzmkLgCAyhuQve9IS4jYjvHkshjgPrFEgxI="],"block_size":4096,"path":"images/icon16.png"},{"block_hashes":["4F0G2JGXWirJsTVFRJFHV3rUqoKkR3ZdiF7QrNB3V0k="],"block_size":4096,"path":"images/icon19.png"},{"block_hashes":["ffG+PaP19V9c33Fd8GO8OZWZ3ZtFZBlLeHXPTAhxYSA="],"block_size":4096,"path":"images/icon24.png"},{"block_hashes":["+9F7wlIcZUGWQJSciIj2YnzSOh5uuX+Q4Blw8zmOpQg="],"block_size":4096,"path":"images/icon32.png"},{"block_hashes":["ozM0FAf+hBMhU+kcOOKw8lxodNiKfI+nsjKqN4QcVTg="],"block_size":4096,"path":"images/icon38.png"},{"block_hashes":["HiTsvG1pQEdWzetpKFolv/N995Q6L+Qpnxk49HFaik8="],"block_size":4096,"path":"images/icon_blocker16.png"},{"block_hashes":["O0w6oZG3JdYJwj3F5bj8cataJont+Rl8XNf12T2X2cU="],"block_size":4096,"path":"images/icon_blocker19.png"},{"block_hashes":["or+Eq3x1StigChF2siKB5xwBxLcMSESZry+9BM9l7bI="],"block_size":4096,"path":"images/icon_blocker24.png"},{"block_hashes":["BG3+Qn14x4tS2SEEgQtiml55OLY6z0SgvpuvZ1xnOG4="],"block_size":4096,"path":"images/icon_blocker32.png"},{"block_hashes":["r8MgqJBwbH2MZbcvLKMGShR6ntt33fk2rrlf7S3GAGg="],"block_size":4096,"path":"images/icon_blocker38.png"},{"block_hashes":["LDhiE2N2tCJliOP+knOqgGdevAfaF6cSHCKYkspM+E0="],"block_size":4096,"path":"images/icon_forbidden16.png"},{"block_hashes":["Yu2wYlMOMlTCde0MrEAbZamOwW8ctNBStWD8GefSFGs="],"block_size":4096,"path":"images/icon_forbidden19.png"},{"block_hashes":["44S3Vw3PG14UUvVdbzrk+0Iw5hnXir7LdrGx0pR0FIE="],"block_size":4096,"path":"images/icon_forbidden24.png"},{"block_hashes":["15auAegxD4nNyrdUQRGmXxZgkwZZmHoMaZx1B7ggPL4="],"block_size":4096,"path":"images/icon_forbidden32.png"},{"block_hashes":["69f2s5gjZqEoGrXeYh7qO6ssZtupP0IH6OYhsOP/JiE="],"block_size":4096,"path":"images/icon_forbidden38.png"},{"block_hashes":["AahY7YQXwuZIY9nq70MiqFeGJm+4ShIvHWdYsVhfg9Y="],"block_size":4096,"path":"images/icon_paused16.png"},{"block_hashes":["1WPNABvQspd8rAHyNJh9CbyMVxwxrNfLxwfohQtXYRk="],"block_size":4096,"path":"images/icon_paused19.png"},{"block_hashes":["+YumLT2B3PgPF2V/fsBuBHysKeWqvym/lJNpElxZVpk="],"block_size":4096,"path":"images/icon_paused24.png"},{"block_hashes":["rLzRNrz/vIgNPWlK/232lt9SBoXcaTnuBkVs8Akmi4A="],"block_size":4096,"path":"images/icon_paused32.png"},{"block_hashes":["j/KUjwCu+m0dxoZ37adIx+o8gMOzImNCCUtH21RhsNc="],"block_size":4096,"path":"images/icon_paused38.png"},{"block_hashes":["Rxz+9hoL1iNjfZExrEaYlSADHOl7WLwbTbokf0/+2fA=","PI8OxiuDz4LO9niGl3uv1ieRCgEFhi+CbDyaqlMAqmE=","N/lcJXUDE8Tcow6GnvmXvzWITL1Q4x77pT/iCeA9qjY=","Sbjjt6JHw99u6QCmFDrke4mkcjfFp9hafpO9TL/xvGQ=","Jmz/uOWgHWYm75EWvf+FcuNbT/JWWEe7aBwlMswnRv8="],"block_size":4096,"path":"images/txt.png"},{"block_hashes":["RzcPkRB17YviLqH+ZAZMDdFt4sGkBzZ/usAvB+cxXTI="],"block_size":4096,"path":"layout.js"},{"block_hashes":["fe8Q/x/iFp8PQ8k+IzmHzXGvxE2mt84CEOeIAvuPd1g=","u7DAc+Lx3OaN+L8qqeysnONt/9s5sncvP/gxm8lWwCI=","LlDTVLpq6dYz02YSHGd6G1zNHjAj/r3bZ6XS+mV1H90="],"block_size":4096,"path":"layout/default/action.js"},{"block_hashes":["NC5BaNN2EjWP271O5kZGZSrmHEhDhTG0TDwm7IL2eQ4=","mEdr0RrkXnS6QOVvEZzkpIraMAnf2S8sXLaVDenp11M=","YBjEDoKnXqKZDY+m6PNDMZlp+tTXpBr936muSDE6yoQ=","CHAj352ksgeVmNcWURBewhc4KnSgU2seCi3zwGGrEls=","CJQxHtR6X64ons4jtngxpUbII2CuXIBo426ptD0zoOY="],"block_size":4096,"path":"layout/default/ask.js"},{"block_hashes":["jo7a/ojQsOxU8NNHl/Tmnw4Mti77xYoNrrlQmV3fDR4=","369JTy+/nWiZcqYkaE6W5MFoCl7/v7tg5XeJ/AIMF/k=","bk0cNiGdfLT50TDoWno+CLAhEtAyZdiAV2hkfDY/E4o=","m/3ja4eHAYWIC0+1WNT1di6SrvoIBpPwm5wfNSxk/zY=","ZhYMZHcLncuM6IhoP/kOwI/wVan7dwKiYgs8pk1jB2E=","SEL6gLZ+PGHnVjecpACRBpfqi8y7SCIi6SIsNtVhZK8=","RFyMHPBYO1xNhIKs//TwMZmKzRfd2MQIABu2x0iFuDs=","Lxu/G9MKPWkBkaWEutXRD5W8aDDQ06sSfjHQs7yw2to=","hRa8anYqghAjfVQfuAd+lYC7u6X3dNU4rzRF+MNnlVs=","71V3yjPUsnK+/Pqp5x3o5HFU75jp+vRKxmHmd+4sSgY=","7gvm3LtfWFsWPUflfvGj7nCW4YuB50cKUcUPJL5ndOo=","FC6y9MMTWlChMJOgvkve9VtNbUP1xnPqPk/jSmRAB50=","8v6uYEUeIKyp8eCjwNd0DHsqgxQGbGhTfAaInzelUHg="],"block_size":4096,"path":"layout/default/dark.css"},{"block_hashes":["DRCTjSeuC2x/3U8p0HR7Hd2GH8G/6oDu+JPY7cCJkNA=","NYuRw+MUKYfpkHST+MiNlMbqO4Fb+tfPgkJ4O3kTCRo=","d5I3iz/rhGNLN7K9LQ4RMK8l8ENQn1xBS0WfbRVib28="],"block_size":4096,"path":"layout/default/htmlutil.js"},{"block_hashes":["Cwi3JqWpxVevw2isbnCnKRp0ZyFSuRLuSP5KTWgh20o=","hPFnWs5k1TGsOzl1iiLDitU8iykTThCPiE8/GvttIjY=","ZjDWNgFDRW2FDansFpW/cI7yKszIfZv5/snv1cUdRJY=","TQJyTL1xw6aruBIoBSY3/3E4PLufuxQtQHBTeOuvHuc=","LBglRGbcsznm57aRy344z8A8e8dom8uVWVBWKY0kztE=","rys72QEhTbuaeFTefhOcDHrNj+JigNWSaOOCf19aFRg=","H7/XvqdqXFWfdxHx/XjPqcf3ymFXQ02WnvjWMjf9NwI=","HqzlJmYegP636iDw1YmPw2W0RwZFEZlz5JtcuGLif/o=","ed7gZd0BjMPw7Fjb0+aVtbYyBcqYSzaiTQm8TNSY11s=","pcHKKDBcokMw6dt3rnRh+5FsqSamBoQB1/EF2qoH3gc=","1kErFD/XecrGCqwc/Ezu4uHYOMQ8eDf8BcZbz6TUH+I="],"block_size":4096,"path":"layout/default/layout_helper.js"},{"block_hashes":["AW9SFYum0k9rrhyppp2HkfDqK8ei+tC9ngXONHn9YWc=","n3Tp7ezgo68u26WbrRfAfsXKXFUbw/rXI02PrRCDepc=","eoa1gha03fZ/5bBc9IJ1C3nIQTAbFN7oJFDnyrVWEOM=","FTIrS6t9tyCoq/6Nq/0ojvJvI850MIN+b3anQEtmLvU=","FRdxd64otW6zPFpTBZOPgBL5/NJEX4qcnRWa3/SH+/4=","Bs7Y0lI9iLp+BJaweWIC3AwxNT0NkonW8pSU2bdetYQ=","KKu+rJT6pVX2WBSP8kyM4m09zKColCLyLYLLlK8oukw=","3JJHGzGZCbY7gAF5x85Nj2t+co56X+kZIPPrkbss7oI=","12+0/WOyWOiaEKRXKgNzOU45eFi5ewZjVIIqBiET7VU=","J4qJxgK3NwLfeO1HzGayDMfNm0Pm3QrLXsLpPnsJN7E=","jlTtf5zthLCX42kSArP/PJSCJw9v2/+6R1e7FakyxPo=","MV/YF7x6ByiiNuX3psJ6TB7nfuVX+kNbF2FBgueby1g=","1yA0z5Iv0JDuLdK05aEnePXC2p1gZQdhiOG4ptfb3E0=","5Z9/ys8Dm+a8O1LHSefCZ/J9wjPFDM/QS7Q0ZFELxPc=","6oPK4KTom2gs6NhK0T+bH9FcXHpDjydBtUwGDaDQGQU=","sIqx9m+2XNfoonWfXXj5nQ34mgs9AUbGJgDIfZZkH40=","A2zJvI4m7KjntuKfu3yMQDVoXq4p//6vXzKTEXQuSk4=","INqMvMZTqDzEkKsIcCh2VaRcvJD5vtthP+fjZPx2qXo=","rJgHpaUu9lB/d43QudI9h79LiscGnPKTxZ8z25G4H+M=","6i4Ux8esCQw8dwBIE2BcRsWQ5zImLyFvlT7nBfwOS9U=","Ch41SCu27apR8FMb8qGBxl1ysazCvOUsNs6hcDm4vOo=","cDT4PjghvSGqV5vSGg4O1HV+LFTjM9zp2OUZdkbJGnc=","thB3GVsDzXIqxeird7kX8RngEaPvickwJQJoFc2deqc=","N+iF4CgEC66s8RRw4xZB58EVo9y6Xhvi6FZycXGHlR0=","c5mO0/cw1DlkvG7tWbS20+A860TJ0LqoFw2Y6IZLW1A="],"block_size":4096,"path":"layout/default/options.js"},{"block_hashes":["SaC6KdR3y+Ye8eamvLQyJ0xB2NM7edbarIrEPds9xm0=","HJPfaLb/b/hgkffnA14/cqKOmROEooXL4tpSHtrzV68=","ljBEn1/J7L5CI59ygRSzAfffAf5yBJiAOt1q7+1xINI=","RRI+Tv3eZK/KGxbXyO9UTN3Z5HtH87NmufVrLWU+9bs=","Om4ykaxJiPjVst3xVvb5vXqJlo9lrvk94WT1vlFX32Y=","UG910JlxkNmSaLNH3oB8bjUoLWSzv7NFNE53lE1nEIk=","vQ06CKL0AzpL6YsPBs3t1KYZPQEoob7Mc/UsH1+krl4="],"block_size":4096,"path":"layout/default/style.css"},{"block_hashes":["oN/hVyiz9BYe40MAsy2lYHGToVMhqrH85N2y6NAe/nQ=","dvKX8mA/QihIPAMp6REl309nG7f2cfkzVLosT9jLH1Q="],"block_size":4096,"path":"layout/default/tabview.js"},{"block_hashes":["Px+Kadv3EeEZCWkIntQuiRm0iMN3bcwYoKjLKEg9v8E=","Aqco8HyFFapZYJKZb05oPjOpyJDAeZgkXDKctTyapos=","uO8+FDOjFIjny4mtdvtpS/gBIKmu42SSMdItX1VEgeo=","OtVKinLsR/W95P9lI+vBx+ZqPBAkrtoRR8ZA43yJIIE=","+L8sC7PLhNnMdMT8zl3XZ/KX7ueFUu+TBYxGlfyoJ0A=","KQXpOIlXfgfFYawVdASQOePQTwSICtlihJaO6HIDk+Y=","L1t2gmt501g+KtoexrggP1yPOhc8yQ1Uc1Br70xG3Rc=","4ZEw2j9769DUx1xPwLwid13goI1X1pVxJ7l2n5BOt2c=","8jZCJnTaTw2QkvwR1/WUNaj10XkIQW4Gy9mYDGXYnqo=","fYoY7FzcBe4oKOMXAnFEv4jaQIVRw9hJaTICg7nuL2M="],"block_size":4096,"path":"layout/default/vendor/css/fontawesome-pro-core.css"},{"block_hashes":["7sVRv3oWd547nnbAb5KYDNzo+aSdGOtW+pO+zM2sZn0="],"block_size":4096,"path":"layout/default/vendor/css/fontawesome-pro-regular.css"},{"block_hashes":["x8SjCP+s4eCQl8xUkgmtZuaRFSGDZ9cQDVBoNU2r2jQ=","sGZOOxf5zzT70JWvT7mpx8xwpp0RdVd+WPuH4Z2D/lY=","dhU84kzj99oYxAGr6/qr2w6opK+t7Es6pJo9PSZo1Zc="],"block_size":4096,"path":"layout/default/vendor/fonts/LICENSE-Roboto-Regular.txt"},{"block_hashes":["OwklO03+wPB6iQr7Or/jKnYhNpvsbFF/ndbmKf0zCjM=","UTOEWJwg29jJSMEfrcBo5ks9ajPtCBhc0YiHckIBHJg=","XeWOEQ0h1OqjKB7kakjkFPcAyK8B988ZY11Z6uDLeSw=","JBHOc/4w9paDGRdpyIxzT5EycrkGf/tPOVzeosbohTg=","FOIepmzbWPQYJAzAjbMAL28ffFhHpMWyJGeYEEsQVdE=","pvqMRqeUmwZqqED7fssbKsnFvfR+axX0dGder3JMfbc=","T1X4i3oWxuelHQF9dnHEWwOwWgf90cLKINXSnUqmn9A=","rKX5ena6eQtcNkg0n/jbQJ0zrf9zfNxWezjb8Zl/VSc=","RH/JTLTrDVzwItrf60ljWEVAOIVsnJ6oNuDfhxnmqEk=","xpHeGWc1QMpamfenGl1qcAER75/mEi7tV/A2ONDpisA=","5G1chhX9BixE0UQxJXUK6jO0PGB1mq6QsxKYieU7V54=","v4RycXyJShew3krOHGD04xt3mMKxIrU77ZQvRGqxmDY=","9SifsdrBTNP6G+9g2Ff0vsr/wAyAllHoEmqT96qoKgQ=","pPzhQuWrMO+DYnWzZDiEyWhppVF17i29Ds/F5yGL/bY=","CmD5mhM5dO1HOkK/VuNbUle2TgbHzVvKaMOzRrGZIvY=","C8xirskyFQTTMCiMaKfaV8CTIIssaXozaWxusiRkwKA=","Mg4z4y4XOa2cWmkPAi0HKSMJOqFWBPO0WzFpHmVd06Q=","w7DEZKrb2mxtCrLCQOL7gLqqG3Kp3MRFIDd7mYbxlIg=","uVCFXs3JpBen9B/tcViVqtpkNf9SJkkow6pIouWwLaE=","Sl522G51Nf9ue1FxbzR34yMgJrgj6rKsx5L74LX8aKI=","tV3DOs4L0IoLi6pU8aegNPSEQLxWBxu3IlQFmwEHhYo=","3wd1r/HgYaMyyfQ0Juj6i3ZKK6Q+mmYvd4Ih59U5DJM=","NEHpGIfkBPREjDQ9XAmQhwrL4CJ0Sw8G6q5c53mcn6k=","HzVrlEdqFvi1N323QO+8WedzUM9mxWI4fPWLfcZyrF8=","amvAXz80WQYHFKnIuW25fVxvW2aGPQgJYhTX6dTTbE0=","exBgJXcDc48OgtmNxYBwsqHULsMEONA7TK6iV+i12kU=","o28ax9h6kDUN5jJW8B5aIp1E5MRXaZng4m3zkzJJWPo=","sItOSIE5Sc9cF8lp46uxzqe7Et9/F9/qxfLngzCO6tI=","KiNWhkUILKY9zO/YU4fCxJhC03Imt7UMzyDXeVbaHmw=","n/p8TboSA/tDKjSgh4elKNMb/Rm25QVIuS8alC8FWa0=","isGoflybCizEkCVlxoi6xVQsHQQbQssE/ZpwP/FEeyA=","ExlvrUKwCz6XdvRwt4KlDayTSaBYVo3ruEMUHz2ELaw=","ejB0wca/oYjiM+tZcArH4CF8mxUQ3N0NnjgBPkxCpbs=","jPzQzTS1UBkLGVHPdMdzpWhRWfUkUmQ3hq1oOHpQYAc=","L2YGEgRpRUOfwi+/bBKWRM3dcVNmfsGERRyg2+zdpGI=","9gcfP4zb4YuM0m0xaGJITiKo8YMMA0brJT9gporCuvw=","npfVGFMkFRwByM+/UAl6y+lRWLGlRrd8gJZ1v49QAYk=","ui0TU34xFaovxeDqylpnwcRHvUYQ+AX0vcv08LP0o4o=","JN2NDOis/g6aHJAks+EuJ1SOUoKDDFtthleUjk/H3cA=","gITzAUofqobL79FCnNMGFVQg7AZmzI4q0JixD5PqFHc=","L32B5I7uFKu4XVkssJUUicj66Pyvv+Zyc0GvG7uULHQ=","WNd6Cjg11GcbKON0h9z4Zos38xFvR2003qBaoUre+5k="],"block_size":4096,"path":"layout/default/vendor/fonts/Roboto-Regular.ttf"},{"block_hashes":["So6uShrZS4pFCYtzn4YvgRuunY3AwbxwQ554pu506jU=","vq88cL84nOubxp5gnLvmYPcxrfC/jS8CPZmxucuHbSQ=","ei10Gc6MthdS2OPG2mMv1zoN1uuaLEnKCl3tG44QpUw=","zAgwS16QqKyEs8O/DEAZKCF/gPjLQYoCjGgZt6Kifas=","y/2h3gOJ4DWq1DrI5c/+xfaH0Fi4NoHCXu8fvz+ZHiY=","ry+WxePhWZ5sUVcDBZoag+Vw0czyDWPF9fsI2ljFLB0=","Mblp+zUmIb5bydNLRjT3xAArVzb9Js7GzOWzCL0pUaQ=","jFsvqAcfBaLheLz7DDJWbxEMvVHZLDc7ZGe5QXm6FG4=","G4M3h9517LUz/j9bKNEdtZhQXEzLGfpwsXxxJzQ4o6M=","PuGoKgzbFIlf0odW835cDnPYcdjrrocpLxHTYo9BE3k=","nix6ZCQshnPlQ49vxEfqURHSK4PrxvNugcOT9Nf+hUA=","2inLEpn6oCFxaaLRvlTMrpI71wAQzZqrSySWcTW5Y6s=","M+gkX2fPacZV0WPehz2R5TwZwnXP2ZfDorKf/0D419A=","7WfBsGGT3OwIRCYiJGDOeFEOWHc4bqSDw/txGb2C+u4=","8T/RnnwISqIb4cqOV7+De7s5hRVdlL9XXDxjuHkd5tE=","Loiybdw0Ln2Namgh0SJLACFMG+iQPASNPox3ypYeVfY=","mLMhet/AN/4MA20LWQYzNEjiZLF+bxuY/OVHoBmeGAo="],"block_size":4096,"path":"layout/default/vendor/fonts/fontawesome-pro-regular-400.woff"},{"block_hashes":["klna2XCXZieJxa/4o1IXnYHjzPqBt8HV4CSvSU0/neg=","x2+K+01a8sJ9as1hdFQIdCONUBUYVKuITw9FVD/3GAA=","FNl8CAoAoAyoB/KT95ma1Nn7mRyEyRFeIoY+tlbh0UE=","o7sTNELiZaP3gaaKdrl+49zvXqUp+e8xpZuiQ4CAHzc=","b4P8VgCDVgYxdkTi+zYrZO0VBQgFqbFDJ6mOGFSWxnM=","s8tWA+po65laU3/Bbnn/3dLMJu4etPNSVocTlBMuxFM=","hejaofajtpbZ3ApKdcH9jC0VFz2tgQZ6JUJjzrQ97NM=","55XIr7K3M2z0oNkVPi8Hpbw50kvrYJNCAaux+bdMoB0=","qIGRJ1tYhfzqtVnPAv666rY//tF2GYtFJxLJ20Sv5XU=","cOORziBXAqFWHvNLpq8QZB4SZa+hz3WLCckqNCNMfvk=","uXg3khDmhluR8/lHH0RKqOrGp4bgTppHAy+jS0/SUlc=","zsnSrYyzcV81lBcMp1Lop9CbHdJlcEKrqI5DbM5UZYc=","d5OCgJbAZi7sqYvwy7PS4O8N0Pqaze9+k8eLhwXeswc="],"block_size":4096,"path":"layout/default/vendor/fonts/fontawesome-pro-regular-400.woff2"},{"block_hashes":["vVfy5KYLSwZqQpNVsqIly/cfzjyH2QP8X7nU3FnLmug="],"block_size":4096,"path":"native.js"},{"block_hashes":["vciAcHqd1mYd1dP/pxbOR7SFyg0Y8WSIV5clSlqG9JA="],"block_size":4096,"path":"notify.js"},{"block_hashes":["fHuQxRhFn6IXwnaTTF1C81yHISZ7etbbWBmYTSdVCTA="],"block_size":4096,"path":"options.html"},{"block_hashes":["9nfay4eXk61lx/60qC955HZZKjuV0ATaPgkA59SnRZk="],"block_size":4096,"path":"options.js"},{"block_hashes":["INEExRj0hTGex3/UvBgp4xnnhGS8pVk085GAgQUeFq0=","q5TGPt+G8sBVKKwkF3pjAOLwFJ2DVECus8m55mDrFLA=","tLw9KihShvR55/jDvoBujeb7aM3gk7tbkkLZYuNIjv8=","LrNoJ1W+Q7XZ5HS/ZgIiJ3ejggpALlAvUpJOJvxKs9A=","BDiiCQ8uCplfA8PcDsWfHhvEWObLHV3eaQtA9H4bgoM=","CU/i0hp4EzR5vaOJd0VV1FjME/JD3UTLW9kU6ZeKcEc=","zDSDPh2pwGTxz/N/Jd/LFoJ0mAD+rUjRfwL/MZ2dpc4=","UnucunEkmYnwK6sW4Mcd47pEJZG8cJp5gI1pC9WgHa4=","AInjjiYECIHnTSN4/mJ17g762XPpgGgEnJPoYmTg6zA=","KWIdjsE49/3BwBL7Dz4sMmbS2pvd4qwEmC+G+1PFpFI="],"block_size":4096,"path":"page.js"},{"block_hashes":["KzPHarP5fgB9Cv9eL9JJHqxXCRspiBeBgv9Ja4hUgWs=","xrHWTqPYbtaMPUeX8pVhvFLIQNNuignurVBAHty/+HQ="],"block_size":4096,"path":"parser.js"},{"block_hashes":["TudCPCB9i/IerBCiMegTL/CTHsOYILUDEWMRFtAbYGI="],"block_size":4096,"path":"permission.js"},{"block_hashes":["S9S8WZKba51GGll5DaQf2ZA1YUEoqRLjscfU9gQEXoY="],"block_size":4096,"path":"pingpong.js"},{"block_hashes":["PnD92I+KdMr2S7fauOSLbZnZU0KV9E5jtwUrYH11Rlk=","tjV+f3YGQmudgjDBljmbGvfRAVijhUI1d3l39yymaf4="],"block_size":4096,"path":"porter.js"},{"block_hashes":["GeeKITV7DrdnCx33g8DzukpPi4f2RgdyQ3m857xMDWY="],"block_size":4096,"path":"promise.js"},{"block_hashes":["TO4e6QkBWg19p4oxivmdaXaBmJ67ZsyCyl+8B8sC7Os="],"block_size":4096,"path":"rea/action.js"},{"block_hashes":["C49/Ye+VcvW0icVIrxqgEfHVhW2SHhxAr/FzSGz0CAM=","hDmPxLrOX8fm8Vz2UFsp4daak+rXQBrBNyE3OeGHXzc=","sEZIFbFvHbvtx1KyCMY3ITPtRA0ChEKz5wSVBlXvw18="],"block_size":4096,"path":"rea/background.js"},{"block_hashes":["u1aYAZYMvMCyj8hiK4FJbwecmQquorOyIhDuKCBZovg="],"block_size":4096,"path":"rea/common.js"},{"block_hashes":["suiz7sUTnPokfPfnLGUh2k3qq+dPSzyg5ajpWa1ZsOg="],"block_size":4096,"path":"registry.js"},{"block_hashes":["iJ/fwYFR/bhU9UGjDfjNMKsxZuSqh7DXpJ5Kxgw733I=","F7MIdpdhHPgKbOmWaY1/TRqyAz4LbQF3zDGDG+bRe0U="],"block_size":4096,"path":"statistics.js"},{"block_hashes":["aau3XViTZi3V+cdqfuuqMl9yqFDxdm6+KWNDcxYzbg4=","mh8SRj7MwMQzeY/uItkK+moERIRzIwYu6sZ0g2DbouQ=","WbSs8huc7F7hFdaLGbDI7WzCQK+HPMSoSRWU1t/EUYU=","9CJEnfptWhnqiretCeh+PZKJPfWhUPOCstcgmlKSizY="],"block_size":4096,"path":"storage.js"},{"block_hashes":["dejQtDca+x3vk5ctd3fCu3mWtNc5Cr06yd6gxfG/45g="],"block_size":4096,"path":"style.css"},{"block_hashes":["AUy46dMcbLZFDFcanIca1N4yJ/z2neo0nNgHQn7puPs=","hYSWfg4awk0ZLyK6rO0PoIEBtlqvesq0gNn/jmy2OTs=","jfi0uq0/3tGSGcb6Mky91kze0iN0xnv85XVXaHF5tVI="],"block_size":4096,"path":"syncinfo.js"},{"block_hashes":["AbpHGcgLb+kRsJGnwFEktk7uzpZOCcBY74+YBdrKVGs="],"block_size":4096,"path":"test.js"},{"block_hashes":["SI78ruRttwi+16c7n4I9LoFV1S0Tw7jNZguaHGRe36g="],"block_size":4096,"path":"tools.js"},{"block_hashes":["KSCPP/ScOia80HMs/kPVgFVK8w9h6HjneHmqbQRWQJg=","893bfiem0BCFvG3mSs5R2HXSZ7sImtcf15jRpTXtG1s=","1RWKJEbML5HUlAkTRsm8qsmp+F+3unWuC9iO99w5DY8=","820yLAxo9HIqNV6By9MOY2BNxVmDr3GRdn5M/9VAl1c=","r+EGl4ps1G8DgKhAivnPx7nFoSZXq7rowdtjp3rWdFQ="],"block_size":4096,"path":"uri.js"},{"block_hashes":["YwFDKLemN54s2r11DxxlUiiG+zoC4zXUpVy/Ajk/Y+g="],"block_size":4096,"path":"userscript.html"},{"block_hashes":["1wqTeQSljWYGblGFKGvYNB2Y0adJC/tDyzObq0sT3sY="],"block_size":4096,"path":"userscript.js"},{"block_hashes":["o/L+Ksa0caqAxzfF0oPdBJvckDpzg17m1NLKwC/dU78="],"block_size":4096,"path":"vendor/cm/LICENSE"},{"block_hashes":["1UnJlCfgHoMg4Oo4PJnsde+YZcHg8MK06rD4jqo9ZQk="],"block_size":4096,"path":"vendor/cm/addon/bookmarks/bookmarks.css"},{"block_hashes":["/qQNt8UPRIZPh/Qjkh0V6ZUXghHJALZl7j+yDFz9ZFA=","uNHmOEBk6XA6N4B7FjmePfimEcevO1OVzOizH2f6vLI="],"block_size":4096,"path":"vendor/cm/addon/bookmarks/bookmarks.js"},{"block_hashes":["sObZZS+msVB0C951gnZY3Zd1hzf+blDA2xRLv2VXhfI="],"block_size":4096,"path":"vendor/cm/addon/comment/comment.js"},{"block_hashes":["An6rQHNdCaW1ZL4Q5RbzA8wlayTR99/l62tDcnuiPDM="],"block_size":4096,"path":"vendor/cm/addon/comment/continuecomment.js"},{"block_hashes":["btryizeJkULKo3a36Ys76LgOXXPUkcAihldTbO1E4ME="],"block_size":4096,"path":"vendor/cm/addon/dialog/dialog.css"},{"block_hashes":["vOtuhohJix7mpsKPwr/Q32+ekCLyEYrc0q68OOT6ZXs="],"block_size":4096,"path":"vendor/cm/addon/dialog/dialog.js"},{"block_hashes":["5CIa6qG/Tj2XHyYI42LOdPxhWFsVuvyAsEI7EavpaCM="],"block_size":4096,"path":"vendor/cm/addon/edit/cleartrailingspace.js"},{"block_hashes":["t0kismZuCneCrDo+FQwbP+r+0NLm5bXqMoilbxtNl5Q="],"block_size":4096,"path":"vendor/cm/addon/edit/matchbrackets.js"},{"block_hashes":["f1PNnnyZIsHABBu/BReZJ/dRyweKA8OFA8RQL3PD91U="],"block_size":4096,"path":"vendor/cm/addon/edit/trailingspace.css"},{"block_hashes":["tIWDa66Zf11JbN+EB2HrFxvLCPwkNKSrj4LkWpg5dQM="],"block_size":4096,"path":"vendor/cm/addon/edit/trailingspace.js"},{"block_hashes":["RtZK1fyPkLHkjSQB/Z1PPAoLBjsGhIrwDcv0OQ/F2J8="],"block_size":4096,"path":"vendor/cm/addon/fold/brace-fold.js"},{"block_hashes":["kKejHxUVnxg82W1Nkp++ylLQvhYo71lAhDQqR3k8PfQ="],"block_size":4096,"path":"vendor/cm/addon/fold/comment-fold.js"},{"block_hashes":["hLg1Q3nMq0YDYzVpPIAL+KUMXs5AT7vyoxI5wyLaVdI="],"block_size":4096,"path":"vendor/cm/addon/fold/foldcode.js"},{"block_hashes":["tZNmwzwhRCQ3hdjOh76CdSu+h7io00jkuaSsIaKDW0k="],"block_size":4096,"path":"vendor/cm/addon/fold/foldgutter.css"},{"block_hashes":["oVpdQB//8PiUxr5rp8D4jRWZ0Sf9SXzMJd2Y61/A4f4="],"block_size":4096,"path":"vendor/cm/addon/fold/foldgutter.js"},{"block_hashes":["wx/f2BBBKBtr2rPkJZ4+VUAyP2igocFWkDunl/qGhrk="],"block_size":4096,"path":"vendor/cm/addon/hint/javascript-hint.js"},{"block_hashes":["COqVUgOMqlFZMfwfJ7QX/xkidsvnPBK+02K7bgf9JIc="],"block_size":4096,"path":"vendor/cm/addon/hint/show-hint.css"},{"block_hashes":["IN6XxigRmgW6Vls0dFAMKBcas52+nEZzucjgHERpMX4=","JcDrgiAP2q/Axb7aY6XBhECu1W+TdvzZdm/PKBx+Elo=","PF/pTQrQkORBAWjp8XhAh/eE+uW1w1K80U6h3Oz1eHk="],"block_size":4096,"path":"vendor/cm/addon/hint/show-hint.js"},{"block_hashes":["9hYdegAmHyAkfKoypGxT82kQNKkV2BoMZHPHRfwPflw="],"block_size":4096,"path":"vendor/cm/addon/jstoken/jstoken.js"},{"block_hashes":["eMRUBVrcXqlKVhYTfm7JiGYTeX5aS+jbTyHF/YiZo9k="],"block_size":4096,"path":"vendor/cm/addon/lint/javascript-lint.js"},{"block_hashes":["8vltvMkk4yZIOJThsVp/jG2+E+2JXuwKa8AOC3gdwHY="],"block_size":4096,"path":"vendor/cm/addon/lint/lint.css"},{"block_hashes":["kHnurLmaRhNDL9ncbouoXdepEkWs3li9WZRB7fi8JIc=","AJdi+IGQhSl6CIsW0UoTt7E+3D0fbcnEMLKJhFhN6Co="],"block_size":4096,"path":"vendor/cm/addon/lint/lint.js"},{"block_hashes":["z5cas4AiO+IzsODWEjNQcOacXa5adQXVyTK7F3xNbqw="],"block_size":4096,"path":"vendor/cm/addon/scroll/annotatescrollbar.js"},{"block_hashes":["zfpogE+m78i6FD7fWwssotYNgN8IJHKSWJiL9d4Z3vM="],"block_size":4096,"path":"vendor/cm/addon/search/matchesonscrollbar.css"},{"block_hashes":["XjwUNtzJH8eF8ILtW2I/XPpw3z6DA4UJLMRWSHK/vyo="],"block_size":4096,"path":"vendor/cm/addon/search/matchesonscrollbar.js"},{"block_hashes":["WxtyTSzqWnLzVvWCneT8NVdM35MLZlN20CUGsUyEzMc=","GILxGp8tXkylV4uh2yYndMF9pzkmWqqAYx+UKSIZ+OQ="],"block_size":4096,"path":"vendor/cm/addon/search/search.js"},{"block_hashes":["8IJbaVzvdZ0hEkXJc5NBLHebCwZUAj7VRKtB37PF27A=","kEXPbdIn2tiBHd8sqesfT0nm2e+D3DkVErLWzEfiBP4="],"block_size":4096,"path":"vendor/cm/addon/search/searchcursor.js"},{"block_hashes":["L1x4peLdcc3dPZowMMJr2LDiRGPPEnyiZby/JyHrFlM="],"block_size":4096,"path":"vendor/cm/addon/selection/active-line.css"},{"block_hashes":["NA1NvUBPYFfmsLIyesZRYlXeTkhnRDyUlNfHFenPxx8="],"block_size":4096,"path":"vendor/cm/addon/selection/active-line.js"},{"block_hashes":["yHuy4HBeSFdY/VNA0P+Ir6tdMWIqmM9GwxkuESPwYSE="],"block_size":4096,"path":"vendor/cm/addon/selection/mark-selection.js"},{"block_hashes":["/93Cr7fMPR0J2zGBBitmQpOvUNZ0cgtHQIPJUTtTYvI=","oEEnXikoPPxBKjCftxoLwwuEvF26g99SiRDyE5p4TdQ="],"block_size":4096,"path":"vendor/cm/keymap/emacs.js"},{"block_hashes":["3+ZMbqXNg++JkZZ3N6D5efqsk9X/RTZG8Ngk2eyrx8o="],"block_size":4096,"path":"vendor/cm/keymap/extra.js"},{"block_hashes":["jBenx/cmqEFKyqcdYwPNfbvWXVjEwL2hdbCQcPaOXRg="],"block_size":4096,"path":"vendor/cm/keymap/multiselect.js"},{"block_hashes":["2RS5rTpoOOAR2C0bzlV9/v8wbJXC+99Bfyzz18n8X08=","JicRVdm/fVtofiZyWf1nyoY8Tyb1gGpkzT3GNYT5etA=","a8qLYiOT6YSw02OC669TtGTt1MeqsH6DPDdKUd4DmRM=","8GzlnrJjtLT9RDzzDz1JBSXAETT7r/pcreoBeLWuQgk="],"block_size":4096,"path":"vendor/cm/keymap/sublime.js"},{"block_hashes":["xt8WzBEElsAeJDlM91RvtWrB2CfGUeyC06poPgNbS7w=","+D5yQlmxx8b/KmIa4MNVB48CzDdbiJBZCH7cV6XiKrg=","Roy9p1qPucFHCggvOxXRLBIdbRdBidW7jTN8E4bDCgk=","S/Gv4AvaXGv1gA7Nw1vaqaJDQDCy2PXlCJeTh865t5k=","Wa5Qr820cgUpiDGqztdz/aH6XJq2xlL3ToixfLo03bc=","UQ7BSCZd9k3AR+ix2OeZWMOsr0p+krcmde7YH+6UBTE=","6g3Ev266+Y4Z+qYUlQNLXFAGYRrQ7sKJ3Jwz1D7r6ug=","ENd/fbF2igy9P0vxpIsVl0lzXHK3mcZ31Y+kuI4nkfI=","N6z9P5iwzGsKYp43/BFY1lHjnBOfUkPtbbj5oA1aM/w=","yloeLkLQ6Is7u3X96/iUVgrG+rA7y2KGSo5iYcI2yOU=","eqmLJghjO7nBeztXaAthjU1pHB8rqUqzksvlEBuowKs=","9gB+8sPJhde9NSBqxS+ADtMWnDcGSx8iwvxE8eC/f/0=","CSVbMcMhx9YfyTjGOdJzbOu6Ee1vGrRWJjj69B729Nc=","MtETdTYEJfi5asixyNwYL7O/J7wCI8PR7+7H1syzr/0=","yjhtrdNl5wuJk018D6yK1GwhgqdIt5dyf5MgieNiv/s=","cBR9ksUZE29oipgIq2NNAyxl+b9TqERcadKKXx7Vhjo=","OQtZU1x4pCWXkG9GvFoy7++KsdwrSbTIHFF4ObobjS4=","pcAGLhFii2qBcS6bmRiVXc8XeRPZjHHYXC1/ocpsJt4=","mu91zSxLrewSVkJDE3E6Eyw0ePvirt60yxemlANlqzM="],"block_size":4096,"path":"vendor/cm/keymap/vim.js"},{"block_hashes":["PFgnW5dB/hqiE+VqnZ8DaJYBcI9BXol45b0hrtx5DGE="],"block_size":4096,"path":"vendor/cm/keymap/windows.js"},{"block_hashes":["qH4vRgkCkGximFMV9dzFwm7x36qQseYkQjQwdOVNloM=","n8SyOWYBj8ctZlm/pmPtfPMYQXBZ2ch068/FpPHABlE="],"block_size":4096,"path":"vendor/cm/lib/codemirror.css"},{"block_hashes":["OBWwx8C/QQnzuG3H0nLAQi/Mfhg+azB2ihjiuuysQ9w=","XWndpQdVpURv5rG2K/bFuTIh3oux3L6nCxJ07K7YlyU=","NSz4UkNfpL8l3Y5PepK6wRM3z+yVp5LWD31t2LdFnqY=","HtN3RZMhpFRhy7vQvypiPCAovIlPhHV1x9+2Df+8BW0=","WO6nAebXTwCS3COB/XSPNAV25FcKUqZeI80M1z6pPFQ=","I0eSSsLcqh07OuKoDyquuH8sxzMFJfxXPPObWwx71Jw=","hbHyMfDdy0X+jzL2aiXMZUB0xABdtaOg0Zetu9GvSyc=","3bbEJ6GPBjVRT6f9ru+I98SGOfqDPmzdEsTSeK+EJpA=","i3FcQnNt0kW93yX8XhprawbSOfF4fCf1tKSGlCv7LKE=","w4jI+8cp7zJqTlKeguVK8PbbBzppag7OICdSZ4rlrHU=","hOFtRUfCOHbByxZ+cdU7KyC3PeaV/V/dV1btMO3ErpE=","aXhjiRn3kr71f83ve4E7lP3BkH+u9qPehqiamIcwRJ8=","etMpkLYG72Yi53Zx06MU/XWWk1WjrogsvhSJ1boo0zw=","BN9VjWcHk+nZ9JqfVQsaujNI6f+7pjBN68PsAOfQpQQ=","dsJWiWzRdeNmEsm8BvjAO5CU85BNv7uev+CWZnsBryU=","RpQxuXDxMhxtnx2BQr98WYXtawO5oICgmBNZocQDPQw=","JrzEUdmXT87CMZN7qc/7NOzA8ga0yWMPlD7uYn4Nvuk=","GY9gC0ZX8ygqebc+8ec4BWIebB/OriZXSZCHaFONm2o=","N8tjA87l7GKgZZ6GizsWpZvyK3hBKwWqKmWX/Q9kRKY=","iVLMm9ZR/2qOJZuVqD4WiRcWv/HCz92UNQ4U1DUdACU=","hZvdxQkRnkigYRSu+Db9j/BXqc6GMa/J0yfF+yjpFbA=","VAOXpCC5aH90kD/7TC5F69IubfhS8xDWLa6hHl+rGZw=","wXGbiQjRgxBbV/StJEdFIP8IUhvVo/g2K/wn7inTHP0=","9iFFWKvpTtpECczTD6s1xWtTqNDSwGV6ukHioXpESRg=","UCNY8F4NSo7ARQ03cb6lOX8u0Qfxn7ayXbPAl+/tt4I=","iAOFTeNsAvWqutTZDYGAWGPnDszo4Wjmj6qIK9/uxvc=","AkTCA0R7xOU0ZeMkGvk+2Siz+DIdLKIMYjy6l3sxUD8=","qGKzvB8wr8cPB6pq2sEJrkWJMM2jX6Iw3VkYAFa9Xjk=","Ptu+RBrDH/5Az43ObJEV/46Ew1rRVhZjtL6gN4sEWTM=","jeQJr0RZJ+WwAqgON/bVz6DECLFlBcDOJLZhTTbISfQ=","EkMtfwAhxLgPye5yXbeqXsFeckA8WVmzQhgigHovFo4=","ab63sx6bjj5AvoLcHCSl+RNndP31o2xPAVL1dIwIbg4=","+7ffektgrSzOEDVwvJbyHk9JKPShVaFiUekoJZspRYY=","B82BSqNpbQoDXbs4Rt5AODDS2wtKRRjW/XRDx24hHn0=","liUV0D5Wm3lUHtfxK6yC6L7WApt7cSqxE6NFR86rH/4=","xEDn69NiorQDkjrkfXBmOMAMiPTNRmuk7K4CHE42GK0=","aYQZIcM+ABCXac/PVboEDQCm/CcUfkwlv2XVKwswuEo=","YZMUM0kqXl7REIwpqI9xU/y/GZ4XzGjM1aObkqRsYUk=","4IpNKl6ngfNsPFJnlTkt9In0g6z6H41AY8/HVaIPbGg=","oFOAXRWzvSBCTtLODkTaQ6Wfbe+3/C1ag2+ARN9klUI=","w39kQQMNspzZOodjQPyF9vi+j7V79c5C9AkmZCu3C2Y="],"block_size":4096,"path":"vendor/cm/lib/codemirror.js"},{"block_hashes":["TolnL09jXPYdFtUDNLHILgjPsDGOcklcXwKGtItpijQ="],"block_size":4096,"path":"vendor/cm/mirrorframe.js"},{"block_hashes":["tJLzNe91qlBNksypdbsmwkoP15XBcFGsbCOU95vrNXU=","lN7/0P/xTv5xeuG9pLMH8+Xw8f+Cmwl3o1ggcVogY+E=","1nkMayyU0W6ztFfIKCx8MjuSW6DJj8JExba+TMegtuI=","NCbMbm6ZRlesHglKsHh3d4b5ZPtCmKv8LSBAyeyzAb0=","8RzXxkQXPCLZ3aILQgT+myZLc+5jaX4/xDx8qwg2WW4=","5xPnCa6ll7LIaQnOZCpQyRWTueO0+vhK1fe7yAY/qZ4=","nobDG/CHzW2fPeKjrcVSuWLNKsMMZOP+65AaIBslgSI=","7sB8Mq783uzeXoFsMoOxLJO8tS6dfOqDNgS42yxKv2o=","stpcGw2oj6jywe3bW5CRnRGSUSt/TAgBaGqocX51KP8=","hddM92pDqmTI2wWmcp8faGeml206FxDTcWy25/QFzV4=","iccyYcfAY1/YIwRHyUpXPmtfj4VxkSljKvdt1GX42lU=","yrhBE18SUuK6yTdWBU+wZ0VDc5BV/Af1008TqJ2VSus="],"block_size":4096,"path":"vendor/cm/mode/css/css.js"},{"block_hashes":["x1Ck9aNmxFHLCAaNMWT2a5APqqOctnzYMsoDBszOxA0="],"block_size":4096,"path":"vendor/cm/mode/diff/diff.css"},{"block_hashes":["3hrA+J9ku2wHWITLMF/9WXBW6O8lytt0JUlXQmvQScY="],"block_size":4096,"path":"vendor/cm/mode/diff/diff.js"},{"block_hashes":["d9r2fwBL2z8rkPaVgwzfawhiaNM1bEMdUBnSnJxJ/J4=","lJ00O3/IKKCbwjHXoiisa4SY1ZTjHhOITVSiFfGc4Nc="],"block_size":4096,"path":"vendor/cm/mode/html/htmlmixed.js"},{"block_hashes":["Bh8xStygCfYWPU8chgr2+Oyr8dofucJuiLdAVFPTQN4=","GPrTTkj14527onKhrEdgusR2y7YU5ET67FPk4s8mi2Q=","5sohbIj5cNdRQe16QPcl7iZuSNw4VHEZ8SQaF3R8ids=","zgAbdmJRjVjA30LYUgwz57z589kl/MBoXdkAsFN60N0="],"block_size":4096,"path":"vendor/cm/mode/javascript/javascript.js"},{"block_hashes":["8ryd8GnVzQAuP0SqF6qnbjYSrxog6JSoyDUB8NsUiiU="],"block_size":4096,"path":"vendor/cm/theme/eclipse.css"},{"block_hashes":["e90w7HhTBhTJk4Cb8iDOq9P1SXZmVk0c4xuJ6xJ2tBo=","xnmYYUnvsw8UYQNI4Lt79YNfMvUa+SRdZcYwetnMGVc="],"block_size":4096,"path":"vendor/cm/theme/mdn-like.css"},{"block_hashes":["dJ6It+/UoG66C8gB2H/dxfQklXhZ1V4Xv72Q30QyTVQ="],"block_size":4096,"path":"vendor/cm/theme/monokai.css"},{"block_hashes":["KOmaC1sRlWSLEiHRYidPCyZZs33GID3JPd/ukJfqsMQ="],"block_size":4096,"path":"vendor/cm/theme/railscasts.css"},{"block_hashes":["Ed4Wp8EvoJt4aGdsCvnZeBLvdWiNVom1FpuP7Gw6wFM=","3Uvz7GObUQ8i+tn4SqvRitzTD2X7Sy/8FnE/cPjej8Q="],"block_size":4096,"path":"vendor/cm/theme/solarized.css"},{"block_hashes":["Ray9c8OBhZkLplJOYHbmUFaqBLqGZiKb9XlbqumKIP0="],"block_size":4096,"path":"vendor/cm/theme/zenburn.css"},{"block_hashes":["24Py7eZ/Ns+rHqByHqLul1FYY+mmU0aIHzBeQwRRzJE="],"block_size":4096,"path":"vendor/eslint/LICENSE"},{"block_hashes":["IVRwu+1KeerF77LL5u8pxgluu773ypzhHT1gJ+uxI9o=","Sn8lakbayHvyJP1ylN16/AdE4PjR6MaQc8r8weMlUaU=","o1VTFteO0O1lmHdT7Gfnnjp0/2mpzwL6WohOghnzTrE=","bArDfT1HtWVn5jkZW/Jo0oSjcTq/JU8RH+S2d9PB+g4=","RuWUDOYaLUqziRqnmymiaN/GmvPCu+lJe5GxXQ73AJs=","FaT9QNcAAR3weuygGr+uCYjv2wb2jVpcmYqeCmon3UU=","Xssuud8cJayhTyrEr8oyq7hsrfeuPIv12bqMpjjnf9c=","Sg5Q1CxfsX5rOCg7dVI6r4TT3nX3DfRH9VdwNBUQVKY=","GsPR2ueFnpn7Mm/+OexKRFOPxkKjm+rHX1OwvU/2VBg=","4WBHWVvrpNwhawr/RzjPuYp6HkpdgVChx52DnKq/6nE=","gshKMHGgZGcEzW7PjK9/vA1vwcLPYS7K4RFpPna0YNA=","IiR49yYkzP2JV4RR0wmavoXCM2x9PLRelAgyct7deBU=","ozqWH7E60O2YZVCoKaw2IDosMPvFTSw3doVts3dvo7U=","zrH1KJuddQIFThPaoyIWirk6QSsPz4uUQq+KqkoMRbY=","tbbO5t1h8fM4rkDM26IBp7Bw+XiKMGzf+UZTMZBvlxg=","6+3//U83DT8i74aODZosi88AU+GYqTWhLYza+y1V7/s=","RlTNKtpO5Rp14P3DfJuLa2ZyplhnQnhSgWcKJa9lvUw=","11GUpSyw+j+FNJjdUxKcvqpRvADH1lwNYAqXoyBvNWI=","OIyP0LR0BqRsDlZOC2kk6AyqPiInvugRFoAxEwId7G4=","6l9qUfQEOI/A6bkGhKUTrPdOC0wiG6SINZHWCZc8TK0=","8SooUjcC0Xy78agyiukPpy/KmZ8WfqjmZWF5qm0SZks=","0dEtp6vDHh4LpQbdfVECZ2gFMcBJxahswpWcYFgQYsM=","WWE5ho+Y5Eepw7dAVg4gJ0OT7OrbORQ8hEoA5575WN0=","/T6Vgfn3uxA0AVXwqL0GfMyuHPdHVcSqw9UJHjw2604=","lJoWiW8RVS6nbLHm+cDY9HISqZ4fyQL6g7r9V8uKbIk=","IQtWkimeboQa2qcNG2zNbIEK6DhtLVclEHLmMhh1Nik=","H4DwcVk9dForHMZws/JqW6JMd3ZVYUb2IrcskbHmf8c=","0QIOTPFgRaSET5NYuEAaim5UL86qPY1XkzC0BWWkw7Q=","t9ozQ+ExppxTB+QeugsA2tz3xzeP0Z6DiCDZusAOiMw=","KI3cUtASqiw0qbEJ5QMBjpqoGg3h4UYRqAEiwOmlvN8=","mRUMZSAI4gkvtYlVPrR0/8n90AXk7vsHpnxuCzxX2bk=","suEpbPL1YcxRPc+8eO+1UQpnrjm+t6z1vK+XLw3iKMk=","VmD2Efj3mzbKBJO9B4mM/emqwelJnS1Z+X+AWPdZ6tE=","JjAT0gs5t03wijvxDDOFFSS62oWTD193D/s/kAGWcJw=","Y9Yf+Cf4c7dK24dOjQnDQ7fFUwz/TxJSx0oEYuyMbto=","w5R2czF+o9343a+G3lS1245rZLyFSOnPeKgQ4a2Pmic=","cLUWn+3YKgKHXmPqpsrEXpTZzvjm3Ezd2z5oyvONnyQ=","zOsWXE8QQFYBoXYJkyYCE8MtjFxXibrgojIinU/q4xw=","iJ6ysq6AT300l/QH+vFpivPTYUhX86uTaYMqWuOeeIk=","z83v194qfJ8i5BAAVQ23I5Lpi+CeKB4tVCRl0PiW1SA=","sf0hd3eil1k7HUyDSVnzMwlWcWL8bn5mLjxj1zXOf8g=","hNCZJJacYtw8b+FG9mn00lVYTAkfkzZDySmHuYEh2Tc=","mk/HsJZMd7BbfMO8BhenEMBdXqkFPGJdeMmnpmGlnew=","p8ybKqIj7FValGznyka2gWbMgEchZd6iuEnRrlxH/sU=","SMMyip2ibvf4r+s8Bv746Xxinki4k6OBtnjAQdhPBLs=","3VITknKiT+Hmz/lMnzqoQ/+PznxKHsIiSLFL5FDtszU=","OiQjsfBhR9xV6pDFfVoc0O3ifs+Dd9RbWWQuxq0MR4I=","2+0VZsNrvoob3DD/S8D8uZfAYNXuqV5dXzMX/z1a0NM=","4hQw1brBFCJygpaRdR6M3NCzJrsg9t35qomJ1y5LdKE=","3+wajmdXKNu6kpjE0H/9O6ifA74LU9T1uD2vgyVrxqQ=","E/DZq/8x6ZE/FaS9J+rXi146PX6v8QAqv8jn6/S5Q+4=","xrPLmkLgE6rRv2cjAgbgw5xg6yIhV7KDcT9Xi4wwOIQ=","l1DetT8isfuYz1Dc8I1+pepTodWCVrSyNZadKPdIGWk=","iBhF+ZqIm49G5c/P319YdHC6F6SBGRdy9tNlHlMt+/Y=","FaLv1VroXqbIphEzixPhyw8XO/9IOpdREPTzc5bApiw=","i2pjiZl2PXM+JK8JKbyXsJaOUq1Cdpcz6TYOWQWBWQw=","Nur6Q7MM+HvhyGLu90YCHZRPxBoqb5Z83y1pUOsZVwY=","POt0ivAnRwwP/XfJphE6IGVDRl7n0FYjNPrGmcSWXXc=","ZqG/APZ/m5hwXaSkFQY8wISaKKEWrZ6sri7tFoGCStc=","7D3joDXATeaPDSN/TOMUBSuDVOP3jVhzAjsF9d7Az64=","owWKimLZ6A2bigeGGt6W1/h+KoHF5vPcCZ7zh4DG8hs=","yWiRxn6fCe1Re4HEbwcDxqKXIYCZ7E6X+FktqEdm4fI=","r7eYsYnuEMYmDR1OLuK8oBpMVGM6BuKQlLVm7jNBWPE=","RTrQQVCYZkaC87a9upU27fhSydLV6wQiLjPj74gTySE=","u2XniUORjKblQK+WKRMLM/j4kOvUbZMFT4PDbBF7sDI=","wIjK5KmBbV4vaTBBM4fiAtA2Czmd9/rY7EAdbaqtOeE=","M0NjjV9MnnKXf8a/YERLoz0L/33VkgK634/VjFBHBh4=","mztEadTmrxzkPfLlhIOukddXrJNHO7eJIZV/6Q8sscE=","MGEezq0ywgbmX9bI+jS7/RAqXYv3PM6bswadu5jIg0M=","g/aSCFnWo8AgH32+EvHFL82Mdaws7R47h26tyiJZwME=","3/VDIjKrm9KffQo0Ykt7UsfKdlgEotZJzlkudcDLWmE=","8ZpHuL34VHAokW++eueKEYqT6PdAZgjQrPkc5pPMtSQ=","u+dIIV6I7X8KJNkIBWFy8OB8SKhrMaBn7/ZqivuNbV8=","GGUS+jRYX5wDs3b1W7KoO6vuiV28cxVYfzGlMDaH3rY=","fuRPSKOamA1oY5lHlcZ5fufR9NGfjVvB+nN5gUA4Q2M=","VSthbpKVPB/fa9JO5+cxXCC3Vdf8J5yp8/zVB1kHcNw=","DAvVzELVFIxkDmAjUqLHYztrD0x0p7wu5ujDCtk6Viw=","jHhi306sdvUZscOGSeZ3/ynjriD5vtXcHpB2NF9m9Ho=","rOCs4IQVYG3E3g+7yv/bIx31nj14mPVFxJB/SJVjWew=","eWAoOh3TKzXHtS79Vn4ulvrrWCbDtR1Y337wQ20tg0A=","sJmu1jzdeaN5JRnNj/Hb5geUAzC0vu0UyAXDAtCX8Kg=","qDETB17UGt+MO7vRPjlqziWoEvPmTVBh34kf4xbfY8Q=","Bqhrfi5hoMmGJ4nEm493EgxG4q3S1si3ubGr0tlKOiE=","k6J0kC0atQYTx9IwoKh8ZgvNusHTdfg6Y/Qlj7VooYA=","UsE4yHXrisc66YCLYWxMdsnzCfcmcD6T8u+5CldImJo=","LJgO1O6G5dnqGPKDZTrTJSNEv9xl3JczdPVwUJu8C3g=","EFUaw59b7orwUGif9wNGHsJ2BO2+J+BrvvEpq/Nyhdo=","C5jfZuAbK2gdgxa7dmV9qEd6T3QEuEZryPqQTz43ufg=","ID7+6ejNIGwuoj0sda3G4nue6zziWdLrOuNQrNxH9Yc=","BBW9UC6Lt/ah7oDwNne2oYwm7TlimxghRNBDCgcljyY=","6ovGKH46V1Ylc3d/YOY9hli791K+jRQrEMQF2oaLVrA=","GBu/bQhBjRJ19SIns1ZHBkorQbgA2LugfDRMJmxwMFQ=","c61Tz2AxLC5O9CWMJ19PrYk6DfT1fpOMCNYUx7PjO+c=","CkwwUlZSIJaLjKvUNRKv3KHiIcTONS9yoxhK465j1zI=","YJRWfgRBRZmr8m45SQXoHaCYV4wlIdJM7/X37NBCorg=","KsrTeKclRY78YntAhRF6PuWhsgYZdSJ3WkRD4zsKE3U=","l4S9rAPzlH19g9Gd2c/JEt6W5yN9j2d1jWeyxsGQrZ4=","4oGRuaKnykTOihyCx0s0R32F7cL2qaQeQQuwSYXQsm8=","n38R9ZIPUU4Kakuw8OdHRjZfcYxmWUttucsHjnUxYwM=","RQTayUUrUkkkY13OpSdX5YdOTcpZvns7HKrOa2n8Y2w=","8zGcHk/Y0wh4PfYvYIg6hNcKM2XFmCGVdL81vuaniH8=","J4eeKKF2HR7hMdnCx7zvRGHn77YiHigqsjcqtLl6OTo=","oJh1L7BWNPayCyBxa3fMc/cs3cd9Xo6+7vtMFBd4dT8=","9n4KV+Zl+1x4Ke0j/E8apw/SRGRRewBknMJ9mi9PeAU=","Be7ebxJFbcGIpNpXL3m14A3R9WYIgG00QGtZnJThzDA=","9h0O4kvF86Ad3o1WD3IWUecAKFfQAQ5VcNnEPDxLlZw=","0lQCsF0HJ2dnUNE3iDhy8KyEHRlxbu4PDR6XAjQzBRQ=","7OnRNBwwRIpb8e7gjuZ3TU44RWklVxC0OaS+bK019Qs=","KziJdaQLBNpY7Gq4RDSMsoWraplhFLTz9ROhPEezm5U=","fJ/RpHO96T557cVvBNI07HTUwV+vKwhBSeaV+caoiVA=","7KeeP742mVy9gfmJvJAPcwl5/F1illN193C7BAVVh0k=","Tcnu99jXjY7vy9i0ZU8qGBMOz2VI7qbgm8axS5kmAAU=","LBCfI5YD9K4dB4oKEgXAsPSLeRw8PieEGCk5xppXKRU=","HtPOPYXoXCl9uDv8GLoGu2j3DBLOwmE/IBQcL869dRg=","pU6ZtOdbRlHrQdEGsXITJvSGBlkVfPv2WwD8sLW/AR0=","hGMR/ojPXVXW4IfG/KeUoW9R3BdxtF1+HgS3oKUkRFo=","g7B4TM7f7F4/O2gbwYvsdWr4O1aEcON9hdDXFcZeL6E=","R1MdV005ynjUlr2yDoD6VMZqniDJSfugKrisYFgC6tM=","kPG/Ym+N6wh45V7IFYjkjiuJJaZzf3QvXCtIuGoYMyU=","rj8t1VveILGbL74l/h/fx1DVWOPZBlIwDYRePzGye0s=","xAfT2+OYJivmdPyLBQ2SWcsGMEwGr2itUms9l8GBP9I=","SU+A/AIYboLDy++9d42SzqlTwmEcj1f1AdUZs7U78pA=","o6zGOVX8ymmxXY8j/yilJargXiGIF+pponuxvj2OkdQ=","SkYJ35QvsZ3RrbDO5ub92foOEZ1/Lp9l6G5s0vrW+s4=","YU1pMC7P9yGa0Jyb7kW1zEZ191AlF4/sAvM2ECYjKtE=","wC6One8lw7sYqxZIkDhHR+nXJAZ0b9tFMePSxPhZAbI=","XfP1hxCnFH+SDIRFL2ROPpC+rzOK0jJ8osCuEecrzyw=","KUvxo9pr3c+eSc+Mz3ARkEQjWi8lCm5F5x12+2qkLaE=","+aCgEBXVH/fUcfosEGtHNbPs5LHvVBKLGt4Zn+5Ocuo=","1VajKsVxH26pQ2HhOoo3kSDDiUD3zhGg4Hr2SDCE8Cw=","NWSKUfSrmkQlXuFkgIfjIPeEsFUj56GuO2X8O48zL5Y=","wGa3Tkm3jtxqD62r5nyY0hmnq3AJ3aSXdpTYPTyUIpo=","zU4J8rVKB1GtTyY/27fZLw5sMfTkl7ji5VpZ/yCOLhU=","m2Qn7hwpQG9gbNWY+gNV7AsGdirD+Y7I5gmPtjqEl2k=","75HTKSq95SrsJtnZ9es98uGR8wxjU4jHBxlpbKKphzU=","J75ukNNzhCNgmnVpb0KUsf4cYIxT3gFn2PlrGAFbZiQ=","fHXaKfDH4j141rC3kElT4sY7lmkOp4yLrOC6lCmfX9k=","QjYYMiDmPI3qFQDEwPlamdTgBrkUmgN6X1PX25jBIkU=","Zc6T/IAyNLY1c3FvQuIZ115m4spYaKGBFRmZ45wAZj0=","M+vTAz4ppk/GdsUZhtmA9+wDsXoDR49I6QfM5FFjdRw=","4gXna1CMZ49lLbOm9705V4Y3CMQi3j60qPfcma/ig+E=","0WwfZ9G1up9osVleqdblpwEl9cexSgsTD1nydXumuiA=","eITsXGLz004EpXHjiGB+/vYvcSFg5/PAlHYnjqGBqL4=","jiR+tahz6s6XG3ZivXe+20EOPSQhkHlvZ98FOcRdrno=","l0IcfipSVYe7saO1Ww1tdhcOhtulV3/pTpPFbO5vtUU=","1zlkyPwzSdqea1r3ojrRBPWN9M55J/tMIGOHJk9upQo=","cE+xm1HPeHxQ6cY9p5+fIbiOP9IF1+IvFsHmV4meAII=","gKCSXJKR8wmkDkTRdbMn3k9kG9EVAIDitV3Z8eWYYkI=","6nwJrghKO4ZYY4QXleuUddm9gljHd8h+/FlZlCu1b5g=","/crnRD0V/xOh2dPao9VLt2JBIboG7ZB+1MyWNH/W66w=","Ulp/n8pTJ20xYmcA4K6vpVjms78DGZW5Tk3Agrk3w7A=","u4dgNpNXrO5OC5br0UQSkSY4HU9nWvOdrakuKkCF8oo=","Mm5EmKjXxKsphoQErgTmDMeBfY2tteGL96S1yR3iM4I=","SqITygyTYcU3HKP/YDYZQds3jAfEFw3OKoaAAAGQHok=","mBB82EZgDpcCTMf4kQw1PvhqrO2Xox/F3IeH/jCWjLQ=","dlms27gJsLv6RkLz9XNluPGb5Dgr03zuqjxQRE5OhHc=","kcqP7/63wQv3d8Xdk5oeXO937w56xrxaG6JAaqPF/Mw=","636ktGDvZgCXmtt/HwIoDUfPLZFEEnt4txYNT2znI4Y=","N/e+n+hiu13zOYRJxuV3lrl8nS7XamSrcSIJYa3O+Ms=","4Yjd8R396+wAe08U1eXG+2xCmsU7hqg3QUwEVYektgw=","rFsBmy/epXNY6JtSqVfMuS6zIijYHagThHNlcnYwvpw=","PVbuzdWjCcqFJXn7BtUmu7wiBrr3NUzNUcwKpZ89i7s=","BJNd0kuTBRX2BE7DyL4oHTSzTE7sgRZrtWGs0ghjKb4=","hSM85DXY/ICm6RciCI1ggdxNzaVUqT69QShfpmyJADs=","nIumLWk5rvG9tDDb0/C+++41m48/sls+5rXpI+msqyg=","nYLHfjNlE3D7IJMDuVJlGJQSjml38UMBZKEgpFdSYzU=","pHGnsF+eSyysHieUnNkZuV/8879/dUXfs6RDyO7gGF8=","W0ia6hJc0uBI0ascuY++NQy3bHbvMMKYQnem9dtdyBk=","+YfO5ObfMir9bB2As/q+mrDmuZb1RBg4BPqnPiImMcg=","JJ7I3fPYDEgh2b4pEI6k8SuMwBhqQUHlY0Yp+cp9HKE=","8iJ4YcrfON0PdG4Z5vXNsLpYjNstQrzOzjuYgFYeMTI=","FnMHI/My8y/rD7C2U9C+gc6Hs6mdi7tGGCzsX/pfOjc=","PSXWHQzcRQGzs6M+sQn9PI1MpPKsamfoDdajgoQp6wE=","QMqtB/ZddQggfXt7pyQvZFuK6rM/ZtFheh3kBmWKQVM=","vPEHLqhrICuhcYGn8vTdgGaDY/pWz4AP64K4GGrDPlA=","U816nwkSlqPMuWju1Pf+SxhAxKgIXsTv7o0UMEcBDOI=","ykaGY48SEzic1a1Qt/24dANcGzgPSe2c5fxzygHUEJI=","fUfjmID3stYjBq7zgwXvetr9KuCekbweYTPNNBHxU38=","tbFcICkF9WUn0h7qTk7UJNC/CmXYWqqGz3DvIqEm3Vo=","DbUxI5KR4k6CugV4tHVyUL6yChiPscrn/fNiE9BZdho=","HRnrUdori1XAI7CJl6Hp6BeGwpywbJTx7ie+VapDDns=","eCdXtPirWkFbzWc9UJIBP/kfoIHZwFmP99YdiS6qJPM=","LqDhEF3bfcIZKFNnojRr7VLurCmQ7QLljkguyNqIJtQ=","dE1MnQn8ZK782h18IihvScrBZh4E7JOQ6YvYrr3qaRY=","3LLDaO0M28WdhPzP2YaxThkD28X7O7ChD9V6oPMtZkE=","k+t9ATGMvyskQtCs578C9H8NgM7Ea6KoNMJL5dgRsSY=","e941973/BQxKdcEZouom2djYjl8eSGqrWhFErPhgm5o=","iw19Obhe6Jabei61TFiSw03z2fIMOw/GjGG8YgLA/Us=","TQohQCiTO3oHgv9NqDbmt+UEflu1J3vnV/SdLw1R8Mg=","ZNLNZrnKHNoHmYluHuPTjYcgLnclPi8cVYLudvzTztI=","cjYaieJeblMV7bVH8Bj/C2Q1Ns7asahC4bYmeGkyXjQ=","S4rejkT0vxU2gb300lP9S2KvzSwVul5NhcKLXokG9oU=","OfzdSFqg6YjTtsSeVJ/hbhayQD+QkvMAczTORZ5jA4U=","rdrnUR/bpooffHpmgsrREtJEayBFrDO5rX35P8nLhjk=","JA8V/Hfj6qyHjkbrlgSqR9KWBPsOUHH9TFRB6XMgNnc=","gwbXUTUq8FkpWaowplQz+i2xDLy77KzbxWfsh8rbgRo=","5IhhdbpQL+b2dkFFkGG4OyQuhLCTMezj+8ULG20bgYE=","QI185rDPg2jEO1oQ4/bSELBSnoVzCbVgfvQVFXMLOXY=","SA1wxfjQYYQcS8IHhtC8eHpaan+Dkgt7w3U63LowT1Y=","LJrIZclIRKaMIXNPg8Tv27A4Q9EiavQZI6vKHUcpkOA=","nSkXnyuiFmHRk+im4FlMBx56AJ3cWUnDJsxmBUbpOgA=","WvOPfmueSNp00VB2oF1r+tephDxGYLKpkGdG9MWQ9Us=","zpyfIyt4xUt+zdtURyO8l1ljCnPR+vZqdwO/7S0Cj0Y=","5IRKhj5L4AOIAc/9Q2RfVEd/NNV80zr8J6YPPSdT8+Q=","lDcb7gGsYeeCKhPH1KyWlTUEYWesUA9f1JRGR9qJiY0=","s0E6Z0tPOUkPVMv+EOTzStmvT7HgKgWwyxXGXQqt1oA=","MmHJ0Lc7ss86yW1ID9k7PQjiYMUbgdqdGoX286fjOjs=","YmpIeB7/KPwnpmDggAhPsgYSRQ+2H0cXVNcLrPdoyj4=","z4DqmwHPgmUJ64U+pKqclvm+NefxoLIhwmcm6ATwsJo=","jqQfGYNjy0UbhwlXFsk8oBQ6NmS5McM5qyzmNxeUXWw=","pw2U+0BtHrRfKDz23u90nvdQokdDgUx4lsGUWUvP4gw=","o6vfJQx1JRnr+k/8sBOgR6lEnHGDsnvHU6SdNB9BDMI=","r3EdiKeRqafX7Vp+FRkg5hT+3zgvl586vUJ/mrSs6Pg=","jMaKXx9X5PhZP1EcuD5pZwvMloD85NBjUy5JqLd9Rk8=","aysQfvWIueWvtTFDq4s2CEMZ2fvzLri/kuiV8Ys+3Bo=","4YnsGwKjt6VcVRC92EIYhTY8xndlxPgjjhqw5KIZ8+g=","PCVfdxusK6EIgWQumrBysp+mJ2Mr1lQq6DcLk1gBEA4=","ivSzoKXOc/X8DRZHyxVmAgTqtmbiviFP6FMrWPYCL5U=","2+NvNI0lfsiMV5VRIBYcOjkV1j5RrHCCL+roXxgHe+4=","dCcC2aeictybZ8bWCC7zryRk1TZRKTExYUD4JVOa9L0=","pIx3V6k2xEwQOon7jgTU1ncllcO+BLbrsXP7YqKiwRA=","/GkZ96SAmqb5vyszkbAMpLVNNpZduE6rtvijBJanCK8=","M8j+WBvqJvZZqlA8t+8i1OLuGHnNQkmgAgydcoIj+JE=","FS/kgFNeuWffhsYK7NGVCprKlKC9+XpjOyZGpc7EmM8=","B+pf4Edk811eWfySVsQ231vSN6AnMCsnRZvo/DYO/kQ=","KnT9J0z2ZHt+eSROSGyzYTwNNqAlmZR05gmLTb2tTA4=","oRej1zb5wIlrVvgjRtUYG/hShsEqMC01O2cHKGPezN8=","vZA5nJNiBm3DLqsRg83CdhPIT4RyaPuTrWuEJmvGdyo=","yNad44IbyUAtIE7duAq8Vw9WpjVPS+H/33WEd+Kl/4Y=","hKiDPMdzCr19C3A9eZ7GQcimcBZf5ZNf5hYy7Cz/MGE=","OYLCfTmruuWgUkY3qrB4SoXOsPRE3kLfCY3ZWavz8qM=","awspXZpN3f6QkJGfzrBPkMdM1B4zQdlismm/iLvlT78=","LMGE92VAddQRlnQVnrxIG6mG2fx84ul+p7HTkS8aTYc=","1Xo18+trSy4OQOIcXVV4DlOBOYAXIxXofj5ddeW1zO0=","2ba1DvuaZG1Lt0Rw4hKD1dXErz1ce9rpldnQVky2kuY=","6YV2kzbIn/RN9mRseAXd4m11HusqDDdeJRnwFKD0HXg=","9FXAKRJ+JMS97H2NUR+XDrhujhd6zMYYjvOG52164dE=","+Qkc/RPFmCyX05fSVLAG/iAejKZ+6HgZFHIVyWp88Lk=","KeiLl0BoabjDGCu/4PECIPoiZQMt/nywrshkloWNw4Y=","rSAX6ROLt1VNRTpEuZs4XVmz3YJl+s/Zc+bsyMBp5eo=","jNs7TJ4kwXYToya1Oqo5pi2JVVMe/6Lg/BTsqyVsuPw=","4BJxvNYLzgAEdTAamQnV2t4pM+dCBVHaCkrnfgQ9IaI=","s3/W/3u5Nptv6CVTcxVcmlnj66hAyjElJXR4hrUk1ho=","XnzdTlfrA+AmtBvGU7MfBJVV5mBStqO0UIEP5eJ/szY=","Wrz2H0ArNR3ZOW1jHiz61pW09qm/NKlGzRedcllMxwg=","Dap4USfz5LvCaydj88O6GUUvn1j+q+XeowNDoa2Z1Is=","uXXmpYoqa3TwH/gR5v9IXX6zGohY12Lw+clmGfJ8KHc=","CR5GmsiUOI5JAsmO/QOv5UNuuiSNEldY8GkMUusMZWM=","MPi3C2K8s/VsrATyCPNCeDgznp3hLg9NLym6EqlkRIU=","xxrXlI/I+ue4zbXXIxm9IbgBsNjQqi27OXY4PRJd9JI=","pUlj07zvS5Yvo0HRd4HBwjIfU7HCg3Io5+naWXKUBiA=","gCIjR2G74rfb86L3GAW+6H4iulEzJ85NVyzAQeROfeE=","va7+lNrnkqn3teCw03pPjMsAcMrUW89ZviyfbYEo3qY=","vO991NfNTpSrMgRKoMn10vQP6rio40OPuoZ3qDz2WVg=","TBMuaw+aM862yIrxiLH9dXtimRhUze2BcubzOmpWO8k=","rWnpOWoNMn/owytiUCRGSnG6J/dx7bK/RmTVC+/Ksko=","gouhSupkbSHPo4qDtaUZTuVsd2EAZLfe+IGaD+OlD3w=","E/vaK8XfAu4sgOS/7/vYVn7ovS6rt92/khZbWl8C4Hw=","tZCSwNvFrXAtu54MCDEAwTy2AiNDPk4R53iChybSWqM=","fvOZMHHt5gSJevYHbzKiCFjHZUDAqh5wptLS9FNw4Eo=","YkwXJXrwuwgR7z1uFRLtigGvTy5Eh98teaXgW3HVYXM=","GYZS6MyrNBhzaYMu97gZHY7GMUCaM81j0U1uJqT2lHo=","PE6tSk2926jNMJHj5DK8g8oKQokth58tDxxCmzdiOik=","3RnBpCYypBiGexQyRx4ZLAbI1WDAEreEDHj0gAHRVKg=","qR1zBSTh1bEYC3G64mptRcvBfge0qQU72dUbI5ye0BI=","B4m2gv4TQTqGAxiq0srhk9I4lrT8PeZNk05n7PmboOs=","3U1h03xXpt33x0vZliGM9HfWbeI73CT907FOvoYQdG0=","SKEBx384LcDVKdaEUANlwBkqAOPoUrMCB6jxbbCsn6U=","YYcF/AIEd5Cj5GKKgA6UnivDUEPN7bGEeRqkmUZ5yq8=","FfmATL6W/v4hfPGSCqLhzVKzNMrTBZXoSCHzVpwQbUI=","4/OD3At/sDIfmlG1694NSWYHqANB966eCxjhgoNjcas=","R9qI6ooja0k+Sjr7mcLut8T8g4EYtdclBdT48nRVRvo=","hjBhjAxVO9jqbeyq1MHtsQb5yVXTLo0PnmjMJ+KEK8k=","UZbWBbmqK8VL3pHTUpZKob2WGDSE61kbNIqaYaBDNMI=","YhKsntZg1/wlvyb6MW1T/mXw1p/RC5shvy+vWVUglxo=","3OVqPYsC77ZyVBWb6TjyllSu/rp0IN6fJhojICT4Hts=","fhT2OD2fP7BQbze6OwsydwFYFRu49q82doEM+F5QPbU=","vZS09jJLBaBo7G0tniIkOA7bRCQc+0OqAXs0q9qLDTM=","H/xGW0NRzejqpy8L5kuaS87VUGLy8E2W0NKBTaJa2lI=","SV0wLR5K1QzINJP52CQG2R7gQaNXBsQO4ctsl4kaAnM=","DAW5looD6hVw6sojoSKMMgr5PI4B7eE3ISOxUYHnTfw=","A0WNF1ZiMR1xURxtSpxSM8E+68rSBiTZ8AIO6jPUl24=","lD9cY/fxhpVeqlirLffyoP3QyeTJR56rznBDBXPDID8=","wkZLiIt5MZhWnw9LHx6jaq5/2RMSq4OPomdDBe/k6Qo=","uU0WxQ28+/6wkJwrSqJCN/8dmzZ09naCK7P2+HTvG1U=","LJBN0Y7YB6m/FalfBnVtLzdR1A6hZXymoGRVb8AUgNk=","H7HCd/EqqXNTzWyrSaUOhhzSBH56hOSidlGIBTwcTuE=","VDEoXf2qStsyZZDsOehUz/9by3BCsCTR3bBLZluhuDc=","hoeuNaloCpwUcFo+b0m/9uXGYXrnuqTWev+MLXgIlnY=","0bZDNvgd448RViYQqSHTat6xe+slu1P930KpQT0/sVI=","VL3AY4ujD0fL+pQqKrfg5y9vNeDjGI3TOFtmQS1aGw8=","/I876g/fB0i31Fsby1bPW4p01yv1eFgjJeG0nHd0eGY=","dtBstRlAeUfwcUKuGndH8/vFM6Lq7lu02mW29gFjKNI=","El8jl7vgjR2W5Qy4aOob5XUECk1IeyOoGWXvlbyeUJE=","J3/gwT/54PBO6xnpcInBtfesEDvZ4rwFdB7R9MFkn6A=","JHxleZXoxZPDD0FlQBmLqP3E8kDZ6JNpuxLgqsSdlwg=","nM8+pTqSxnQc3NJIqVniSMKzoK52uxuwslKJIy20Kh4=","uRWXCAi0dGgUNGRqMMTLPWKRidWC5iI1pjZtqYZt92s=","JSJ9ozRI8dJHgk2yWh1QZKQ5MR0ZxoxIudeGFdV2CT0=","d3tVdEPj17ike1ioPAqbvGv7XFF3nPsL+qFdY0gz+qI=","gM+wbVI4HEVZbruxhVy9iIGGvJFUqF1wPPPVi3EeXD8="],"block_size":4096,"path":"vendor/eslint/eslint.js"},{"block_hashes":["O+K7Rn2cmbK4Qw5Nq/XmGPGU1mwfrJIygjSmXp1ZOjg="],"block_size":4096,"path":"vendor/forge-sha256/LICENSE"},{"block_hashes":["LR20eV/FvjllmtvRHC/SLQVvHSLCouRzvTmcFJStrWQ=","vXK2t4Fr5NJRNrOF8ok7KfL/abt+eR5xCGsUHZ9WRwM=","vSCff455KHeSO0ZIlHIr/+1kPZkUSIJbAZCwjlVNAPs="],"block_size":4096,"path":"vendor/forge-sha256/forge-sha256.js"},{"block_hashes":["zfFb2ImCoHW4B6xuJIbeTkUiH+9w+JRdgS1SHs9TlX0=","B4M1S23pH8JpZYvgE1jIsHbCLep6fPI0RsL2zRULRS4=","MhtFuAZ0Ymz2g+aooz7BtW92K/i9B0U/c7asccRDrxw=","qTR1UpvvwNmjPObHWBZifuovYcu3SoxxIj6SFHGQMBI=","83kNl5i/uU1DYXn9fMO4SfwNv19mHu52TkB1R2HzNuY=","KOJuHTXBa1jx06kwaw5GhGVbgRvdb9p7Ccqnp5nC2q4=","uWPudUi14esCEx2H8gMBVqDwCj+MFASADP8ah6KAHL8=","dDrDWNxbXPYwYPA/k1PFuXW8DIcuhybLEbfHe/GDT/o=","Sn9fsGEg1c8OU4AsZ/vLg+PtfLuPBuVKljEVBo5dBNA=","GPz6msTBhTY4rrIfHVn1LN74h/kNrr2bL7qyj3mv6GI=","yLbG6g+UHIvRJ+zlh827XDuCTWtft/xkMcRc/it4wF0=","02gKlFMo5YwSx6mt0EPYA/1ymQ6V7a19hCwslPeQwtA=","VvVrR15LVh7+HN0AUVNVDkFt5C2elqUhesQh1dz8YfI=","/M4elog9z9WQZQex1l5ZjOx/bmTE91h3m1o+Q1K41mI=","8Qr9LqUlsbEAqT32rc00TineckBHaHIhl0XmLISnGbU=","cprdNh2dGO9sd2Wnn0Wu1PtPUcL0eG8Goe17ijfrTlM=","hv1i4pYbUQbkAURECA3HHdcj2YzUu9egyC2gBOemXyw=","KsRmmz6MQCQAGB/57HKvuwTteYw9RIuQA4WvGqTnpOY=","sUaDI9JYym3wmonBS0Y3uwEgNI/whn4kGJiaEY90ktk=","VfcI0QeWDbgEzhe4N8QCtA1FkTofS6IWB4PuYnMJWAg=","r0UDS/1D0wvNdgZwieRZ2yQ06OInJIrcW2LjB3r1XTo="],"block_size":4096,"path":"vendor/jquery.js"},{"block_hashes":["/J6xnHpMlziexQfNXg7KIvj1nD9jn/yaZWOiCssGmoU=","2TVdELGIll+dti6NBIZEHMa+qc4WZdWhXD8fZ2+55Og=","0cyiOgbOd7h3pHkyI+NAx9QNzxiyvvPLwiq0l+XKbtQ="],"block_size":4096,"path":"vendor/jsdiff/diff.js"},{"block_hashes":["B5ICivJg/J1VcK4T3DySqKvHOa0vB+wGVRlOrBmyp1c=","oZfMpraqVhM7UHJEhnUHn6vj91C+gtGGcuKe7hLQikw=","KR1oSUwodMBJD8GiwmPfl0Hyartlzjmq4AQblNYGOnI=","8zQHYkMc/OdRYO02hghoLAAYw47hKvIONEnb+bXhYpM=","QTlWEiuyAVYRZb1XCz66c72N3hY+r77482uKLMyfkvU=","ypkcagOKlBiVNvZRarjwJcAspt2ZywHUufk4T/T9VAA=","DYgciCbod3oaInO2IbXW3sCSaEm3FpxYYXr8auO8tYQ=","es71EBnwRtg1OatK9scfm2vbOzP5uiWLfKqPANDuDIE=","JjuKP2PfdxYyEteRBqZD2kqlglm0CRGlf270lkAii5w=","8bef7bzXK6AaaDT6uGdgiFVqc9VUWVatjCUWJRZ8j1g=","Irkcw6zTurQAiYJwNytdf49HfvcdR3r98f03489Fd1s=","es/ctU/FMc4dVc2HAohvMy7SJa6KRWh8yVVZBqKDrLY=","Mb9cyZGo7Z0EAXUYSDKRJt8i9CvHGbaOg+Oc0TmJf7U=","3z2PMoUQWd8vbxrHXUBdu7CL2osVkPsHKwFlkTouIP0=","8ybch22ANSSZSjEREoBl7idrJAjUj/yncufdQ7faL2U=","hRZ2iiQddEHBEavnLZpEirq0N4sUv2gU8Jv8lEJK78E=","K8Ac/dyUvFFP/Ilq6Yg4/UzbmZbkVrQoNrK+0DnNvDs=","0kYDrOta5MdS7w2br0NyYpfuA/cVBVfC9P6jZSCNQFw=","dx0VqV1bSRiA8mUKHBuV6Uu6yJXRpieDrmIoK9IRO4I=","g2teM4/c3xH8q6m1rq3y35U6PUKDuBqEwUnfDPyRp8U=","LsrGeuX7v3cnekChS8M+mwTHGjpMas6dt7o9V49chFM=","Wl4keKkT16qI3aaqfzo7PINvVoi/oTsT/rxLpiLBkcM=","PW3rNBgvaTINQYeE2EzEe90AbsrWSww/aoJ5HwyLne8=","Q90rOljtuKWKVjPeBeRqZb9gtkA7uBW/FZA3zwigDRs=","H31xjPENNJeWbdodfZxNz5vCnS1UyoL+mW3nZEsw6DQ="],"block_size":4096,"path":"vendor/jszip/jszip.js"},{"block_hashes":["rN/SSo5akzBVMmsjWwhhH3WbpOIA1CpFWluN/TZ2sec="],"block_size":4096,"path":"vendor/saveas/LICENSE.md"},{"block_hashes":["3XJXWo46a+8FAs8aVAk7m/ui+/XyVBsMIk/PmKRClrI="],"block_size":4096,"path":"vendor/saveas/filesaver.js"},{"block_hashes":["Ht2ypXjjz3/LwQhkAfTrXNg1ctV3884VhS1vYLqqGAo="],"block_size":4096,"path":"worker/lint.js"},{"block_hashes":["Zsw+YQ/PoutW42RljHDQJUVth2EdCeomo8wufCZU4IY=","H2oSYBPRvsWohY4TeBnSJfhhZQsbTKyLeSzeKZdxGG4=","NKAjbDJVOEefhMNimbLxhsC10HUCfHqrVzc4kQQvuFY="],"block_size":4096,"path":"xmlhttprequest.js"}],"version":2}