{"file_hashes":[{"block_hashes":["47DEQpj8HBSa+/TImW+5JCeuQeRkm5NMpJWZG3hSuFU="],"block_size":4096,"path":"README.md"},{"block_hashes":["CJ+yMt4NB27sECu0dyMzotxtgIGLLamgsjCx/s9Fi3o=","CJn/ZmKbNwdz8uaEyO+nLrEjpQniSl2PsETlCJsusf8="],"block_size":4096,"path":"_locales/eu/messages.json"},{"block_hashes":["z9dxZfS8vqGqzQHRNI53i7Tjg49BXXxqWKUVxMnf/T0="],"block_size":4096,"path":"data/css/common.css"},{"block_hashes":["s+Sr+GFis/KSjR2BJLWOpBcbMITIrJPauiT5WqxAwaM="],"block_size":4096,"path":"data/css/core.css"},{"block_hashes":["9nDCpWIK4cuepQUoDYYuQNyeBVwpKOfI5yX7+kUt++4="],"block_size":4096,"path":"data/css/options.css"},{"block_hashes":["SNRykDSRNGjaNrFPM1rxpj3gq62VdEvB4fufeTtU0lk=","U3KajKwrBEAnyA0B1VJ+B4bGkOJirR7N/pYmOENIH8A="],"block_size":4096,"path":"data/css/popup.css"},{"block_hashes":["vYUvG/ZTQwipJ/D3yqJzlm9fZ/vUOEtxPpiM3NqRajA="],"block_size":4096,"path":"data/css/progress.css"},{"block_hashes":["GPBcI7MACCv9TFPaCc9bCUEZG9DY2M5jV0acLMMFENA="],"block_size":4096,"path":"data/images/acrobat_dc_appicon_16_translucent.png"},{"block_hashes":["5dr2ex+LWcHkHvEKTZzcZojNs7N1yABZEg5V2PaVQoc="],"block_size":4096,"path":"data/images/acrobat_dc_appicon_20x19.png"},{"block_hashes":["UwfI/3wPKnUxuvDzDFMIP4rwHWayiEba3+Qe/jyXviQ="],"block_size":4096,"path":"data/images/acrobat_dc_appicon_24.png"},{"block_hashes":["SdOX7+V4bZcQp2PN01MHIZ9rI71SpjwRjWyTj3vRgfI="],"block_size":4096,"path":"data/images/acrobat_dc_appicon_24_translucent.png"},{"block_hashes":["T/Jh7U8ac4ohQ2B+IVQqQpRKLtijNn4FbTZiznPZqHk=","diRKFqHAuHg35j1620wEn1bippmb5DyDZUQTp+jJ5Q4=","Whk0EJfWKfqhqF8GoUypKanIa5WqXw40YaT4uHrHJnY=","8u6F7Zef4a4dhh/edNkP3R9jOW1DokeWW7GEb/BkHsQ=","w70R0+nYFvEaJVNG9g7/M7hIDXgJl1nSAAdIzgeguic="],"block_size":4096,"path":"data/images/acrobat_dc_appicon_38x37.png"},{"block_hashes":["Jddhd4LUAX0KkBTITZiLZ6/BbI0Os9+Isey0Ta+TEhY=","diRKFqHAuHg35j1620wEn1bippmb5DyDZUQTp+jJ5Q4=","Whk0EJfWKfqhqF8GoUypKanIa5WqXw40YaT4uHrHJnY=","qEzFtU1ryK42yzuT6rZ/XKAANMdOzAX7Vf2o18ehoVs=","4+o5ANdr8cIOOc3L2XTEjbmIKgjIn3ejMutsbjwN0gU="],"block_size":4096,"path":"data/images/acrobat_dc_appicon_38x37_translucent.png"},{"block_hashes":["U4mKwww6mXGEFazR7Vmexiyk7ib9Jv0/KBFl6swJYyQ="],"block_size":4096,"path":"data/images/acrobat_dc_appicon_48_translucent.png"},{"block_hashes":["OEy1tlPJyNDmObVLWadZAqU9/kUQaGXAJwNmcnQoOK8="],"block_size":4096,"path":"data/images/acrobat_dc_appicon_56x54.png"},{"block_hashes":["GsZq/1yd7XuPI9+Z7R8EqeDTA1icvZMLkcfbjKZSRIM=","HqI384ZBsiDQPFWXlGygSBWN13poMlNAS4iUL8TqtUE="],"block_size":4096,"path":"data/images/icons.png"},{"block_hashes":["vfXkZ2XjqadhGbQuioXBotIXDqJmg787VnU+GJ3QBVU=","ff01UXBC7o6+g5G58EdGy4LJ6Yln0tBOdTeOVjmGxzw=","XCWBSkpHYtbXvatmusU8MKC/h2s7bjUtgF0gR3X7NMA="],"block_size":4096,"path":"data/images/progress.gif"},{"block_hashes":["7lZenj1XlKRgyvvoEIOxnp8eXePHIjMB3l9nQkriv2s=","7B1U8qQhT63PrtCF0R2NkTwn4OpzymNJoOtGu2IyfpE="],"block_size":4096,"path":"data/images/spinner.gif"},{"block_hashes":["OM+TQepZq+x1SuLNF1lVVsBuzRrrJ9P4YNOP7bYOoLM=","X5YSHFBzKl6rbdg8e6tEzdubAUCxDXLklCEZi2/RzPU=","HLIJnbi8t72mWyqvzw0W1fbAZYvB9fU2inUf5Yg61Jk="],"block_size":4096,"path":"data/js/analytics.js"},{"block_hashes":["/cwXlirXk96YtuYrzIEzjUQ09q4STBjYEhvVrxNY0+I="],"block_size":4096,"path":"data/js/ch-content-script.js"},{"block_hashes":["pDKY1+rPGaWjzwtwnpy088MNf3gBmIsvr4Ppgeo/ivw="],"block_size":4096,"path":"data/js/content-util.js"},{"block_hashes":["fgpgaTxO3Wxm33AYYJlrNlCKif2ULz6wwAuxHUuqx48="],"block_size":4096,"path":"data/js/ff-context-menu.js"},{"block_hashes":["yT3JEAxFGHG6QzAe9TaNyo1o3W4gb64Vu8uwxNpqgXE=","ZCIdJ2UzS/VTPeiEegmifqFKvkuDUfOeIpmhg8t3RBU="],"block_size":4096,"path":"data/js/frame.html"},{"block_hashes":["cHrEwDwx9z92hE27CM/wOZf4Tk462/HRfld4T/nA3Q8=","+CkesGlu2rvV0nTyDsxUJY9jmj9JISpxD9M4IDjzRtM=","m32F/+yE76nlmFhym5vsKw96kLyKyha97IhWQ70pqe8="],"block_size":4096,"path":"data/js/frame.js"},{"block_hashes":["wKSgg4naMGVIa4ZyKbdmWSeWM9hDH/LHyc6lyxFpkvk=","ZuKwqahaqSDEDdp/ZnZ+uApQ9HNPdyCQzyQhubBokis=","OOlZHuomgjoCcHhHkonkxu8mRO6P0gxwUadFPajw9ws="],"block_size":4096,"path":"data/js/get-html.js"},{"block_hashes":["ipz60afH6l+yRY3CRBXz5lTJX8AP8cCJH+gSOXgOKKs=","Dm3cJGBCR2u7ZyMgjV/eZCxNxZ2xpT5GxtZOVUNsb+I=","yToI3g4DHovmhUsUiOIv0Kl1Y1mi2xs5rIA9La1++Dk=","LOmvQe3khjS7uUnLbCgYYAAYJik/lW1ijsJ9N7ew9xI=","pMT4LXHX6CJI+8k3tufbCl+e0eLYyy5QwK5StL5aYn8=","Z9oUevjJKNhnmpkCCQr9TZ4jGyxyNmZwCE+431x2uBo=","XUtj65EguHRvzN0upoPvxy9/PMTcW20x3s4RX5gMEyc=","PoUxu1eKBL7N4wxQSHt+Dv8OJMJCjFAN+G1wWngr0a4=","faYEPUMB8cA8Ff/2uNhT7FV3ohELajyCjHwuNt9QPaw=","eci+CgYk82bqxi0xpuEaOxdB+G24jp/p7OvPDcCITYg=","TI8iiNwBxUHuyTYZ6jCXCCPpF/jgwwpE5n8g5NCjUxg=","X/fLKkhAAOnSqnoua9NABp5KD7kE/OFdOn3jS6/gc18=","9JTI/A4xPHiBxeXKS6YXZItZcsrDrBBApwTdA5Mp0EA=","z75CAr54Kw44v1wo8wZfLwtKz+fAsR+vH2fm3CLdkvU=","zZ48Sjl7/hQpdl9da1kUuWx1iSCnUg3Yh9/MinzEr+c=","2VSciO0bPojFMwZJxbOO0RvTByOZDdoQSCW8MaJ+xZc=","kDLw5mcFmRHhlrcGBo9408m25dE2thbiLQbz0HEv6Ac=","a839LHE2FuYtbS+qNy5KPT1er9dkUTZ0DdG8hnyUahk=","MutRUbVGAJoe9DBsHE/hJsycuBjzMtcAs9IRpTyzbO0=","il9VUpPV0fgK0xqzeDQmDW3w3Xo59HKhQFOziyFURFE=","kNFvsgysTgV/MNqyUJc8Drlksi0dLT2dkC5IKTpG7cQ=","3UdrKuc5K23/FOtRsKYQDxgdvY+1yxhSQAzPXCXyXGU=","TbC2N6qXoW81iM5ixGO0SfP9JbMTFQLrDabqlRrMTRU=","XaGYrg0IGaL/Y0y4Ug7kH5NdUO7SQn/pTSwM4vnKcqQ=","wZ4eTf5IEQ6mWE25IZ57WusV7IVplLDyYrUBO73rsYk=","OT/ofP6XT3kcIqypsge7DFRi0+e/AyxD0o43XQ/h/Cw=","ZyiniWdPpIYLklNafqpFg1bUc+tmKZPjmBWylkKzU3Y=","+orUspcgmgpRu4uqIo47ItYueFDtFBJ1vX0gIb+BpVY=","sPsNfgNVDK21X44B7MrricEomKqaJsE+IxThR609Znk=","hrqf96cNzdetYhBwvt2qGk0EKczArgLZTvTMltp6RTA=","VKedjrqNIrXYGicbVxEpsD0+JElSHudG3Nh+k76m4lE=","n9LdL5/Ja3AvV9XdrXfbHwcDkS+QF8xf/k/kLwFLogc=","qXuvEcKZbkdCx2c2BTywt7w7PPyUJokCoanRLqBCA9E=","uHyMtKYenoIxRF6XSQMr+0OqNaJx45A851ngCmF9E+A=","DgdTZlJ/H7rSjeXFtcUs/e3IQZMOWUuiP8OijMA4FQ0=","9NkgvWzeGz5DG4eBZ0bULS5h8ktJ/92pHdfLt/+0m4E=","1Un+YFhebQRBouhRSNsSqv9TqxD65aYG9xKqyO3VXgM=","DTI2J1Sde1TCD/3BAbiqPiwDRi2U41HuJuuSEcCjp4A=","9w+Zf+aboNciEpSb6RT6eGuWHnhjrAEB5+e34/zm2iw=","AFqeIJexhrMa1t1/xEHxWMBKtf2bdbGRvI/Fo0BPRgg=","CYiGU/vAYe47BNrg11qGfTHIo+5aBR53ep+jeqDKru4=","kpgmo1bexqkW+bMdnpoGO1bbWdJZdqsDXc2rWV9qyU4=","RTUMmNOkpzB6cti48BCEs9Bcq65OIRsVtCDj8ztCxgI=","vGlTIHaDjR1Z5re4BGny449vHi9JaGReF105jQBIgcI=","JehYkLeCe0NETK/eNyt0Qw1Z6tADXm1N2dHIcOPrRcI=","FDe06tqbpYajhqYXPHIRHSIqTmhB8k2oq+50i8s2Ewg=","PlNsgM5aMrL2Wat7Jp3jrUSi+phkUumnQmCFIlzNNc8=","+7RgnwwCrD1myel01RqEnT9nHFak4lX1nedEa7p9vJs=","QtI3VNGRp0c967W3Xg8euc1FX8POW0wQyn3z9XVPsig=","mAtqM6jZ5sTlPLSBgZyv3LEnqPb99jmNb+Vej+tyi/4=","zdsT7cnTYQYcfOqVzetS3LP7XUad0zAq54j1SuT4x7M=","xsfnqlmmYKOmKHVFBfSZxXiKmoejUkipvKDnn+IrfaY=","SUduXXCJp8OrYorp7vCa/W2BCohTZLUsSC6C+WPqb2o=","+XY/6TpMxUC4ZlaCpAls/whZ7xfy2/g3Bgng/kk3mg4=","q+6Nvqn1Pw3xTL/PYzdCuZO/zYnsXCVrzOWwfsQ12+k=","K1iKjPO94sbyACXpsLAgTJroB/o9Bpl+4PcUuU+RNJM=","rtbuf5ARKZooD2oopNp2tJiB1shGRY4XcWDcR0RtFTE=","K3BkNyWs9GMXyhfJOMVDOmVTM355+OroxZ+BbEbJR04=","6Udb5CKKk63U6brwbTFF7P7YHiO5FvqcloqRavC+vJ4=","4saJm8eCz7a20XXchlYcCUksFSOYne8CAL+rwrXlMdg=","xBHkXZSOkimuAVLwq5KURjsWx2LPfbJDdQNnMtmqxxE=","3qyADUZRtmsuf0r74mFrOSdCg8YijGAr3n5gjCCq0K4=","6kNYYja5n51jWLzKqYYT5RxgAKnowBiiRzkhItSftNM=","nk2vfGzsc6LBpywL6oCdBb6RumuSx9CIArYZKSaW440=","UgM8xXGLgIoCc+1ph3BSv4a0hQvd/9JlpkKzbu5KK+c=","Gv7jz0wxlfbxbA3Ivq13aW5aKoclZbyE8UbkeZS9V40="],"block_size":4096,"path":"data/js/libs/jquery-3.1.1.js"},{"block_hashes":["wi7QOt1wbve3N+8sc61QOegEV+IdWi3m7NgZLlJGRXg=","JProJv3eJ32VVzGiBBGkbED8mHDids8WlbkUdIoF9yo=","KYybAFRYBTe4lezu1WMoGN6cEhapSI/vyshVqtQ/5AM=","OaRGYIF5gfz8vk3h4qeMoSXY3ozhdaR5Sr2UnRqWdFg=","xdDgGSYlJZ2VLI3YxWNzNb38hrrdWz4gwroUvqL5K/M=","kVt165ap/GzBHyFR8R6Ohej4bplSUhPbhoAdv40bFbo=","eccauTk0yb99WX35haQdsuulCnL+DEk/tpuC3YcujLI=","fTmUUIY481zWRsdAvodE0UGm9r8rKoAGd7MIrMnaCfU=","DVkhAHoLSczLV9cpXizdmK3hsWTipP2YYPAohO7HLtw=","nZSJrKpNuExw6ua/ziCoMRycnDKtqwIbMEvh1Gu+xso=","M8NkJe2C0fK5B4WbA2VsXNv780JF1XBZ5O8s8/txwhY=","cmS4HA671L7rCnkn6+DRDETveHyIpsNCZwuQ02JTbok=","XNPE+JMQN1h6jq7LwR4ywbqmk3bUZi1GU+QjAylQ/XU=","m2mfBIbNME6TBpSHm02LTDY6TwVc3os3Dp4VOA3YGDI=","l5wKue0uGwGWLj0S6pjJvcFHwaKLzSJP1ZHhNJqYAk0=","uhVJko/aF94o9z0ute6KQh4cU/W+9RyRSrwCjNmZGSI=","0VcRirrwkmCAXiS9W8HRNgjq3v/1ra+9AaMjEUns/Lo=","T/6NG14B4xCK7MTPFT5zUr4hFFow7HjG034eEc3JfSY=","AMaUWw6Ir4gdzkliBhq/Ojm2jJvduZJhXe8boBusDYI=","xuXmarbMcltLalIGb3cc0pIC8DWrP/FKtpl9wDQ0duc=","k4Zaj35Dhv/WLcasmH+b61B6Gu4V/HyG1Vepn+e2+7k=","erkgVsLVfvLk9KWX4Do90F+jGt7sT/19/yqqHXWPR3g="],"block_size":4096,"path":"data/js/libs/jquery-3.1.1.min.js"},{"block_hashes":["uOr1JwWnavj7JLYHnbJtNes0FOlpk1LbApICYTNPOSc="],"block_size":4096,"path":"data/js/options.html"},{"block_hashes":["nHxGmT6TjWSC/7YcyLke7JkkwTs+0xZARLkEIARogZY="],"block_size":4096,"path":"data/js/options.js"},{"block_hashes":["hAFyAKQafNglUzOAV5pIvc0KwA9aOZeuepnCtoznfqM="],"block_size":4096,"path":"data/js/progress.html"},{"block_hashes":["MSYnv2pE4oj1eKbQi5+ilyMdWokfvZH+J1w7Qm2IDFc="],"block_size":4096,"path":"data/js/progress.js"},{"block_hashes":["poGnQe79irGQgeglBv4iMoVGONvEUBA+sHkgbMBQZ6g="],"block_size":4096,"path":"data/js/settings.js"},{"block_hashes":["4Aihv4f8+ZTB75ZqKVt4HJ0/isQdHsAQG5UCuWYfJ+w=","GrgD5F/dcyJt0XdtoZVOmfVP4rHeuui6TzKnhhltPZo="],"block_size":4096,"path":"lib/acro-actions.js"},{"block_hashes":["7f7jxQcwzekifLowMPJlKuZ6wIidTNnxPdmUzNArJWA="],"block_size":4096,"path":"lib/acro-gstate.js"},{"block_hashes":["YGAC260EPZjgrlJ/93+s6mDVYCiWk61axHHGpPnsdNs=","DdMIp5uNnCzvp1GosekUa5BpvLBZPoU6zhBGRtuRFiY=","sR3Lfaxujd86gg5pjczZQPxGI0EP1sSho89GP+AN61U="],"block_size":4096,"path":"lib/acro-web2pdf.js"},{"block_hashes":["JjhikTEiIMkerwg/k/r4KyDxgpaFvw4sBUSR6/Tkamg=","nKKum4bnQ9FiU/EZZj8PnO5lcvT9CeM4z/H/KxjZK/U=","HU6iGBVhWQ74MS5TnKIWhlyGQegrbDODGrJutLQp1YI=","z0hUQsDWXBSEQL7WjyHgdxJbKSZWzwX5NPaEVyEzDD0=","xQR3rWpdLJZnD5hvRwMKWiarvdY5rCaFSEGMde6qLyI="],"block_size":4096,"path":"lib/analytics.js"},{"block_hashes":["FqOrzyK3N3ToqOE9NXroxnXPXz1e+Zgjd92/jnhbnI8=","Canyx3ZLGpoHiHaUiiGioTuunKWHZM2MexBCmS2kGME="],"block_size":4096,"path":"lib/ch-context-menu.js"},{"block_hashes":["zImNj+8YvMGiSP6UqURMAzR5CVthN3AIm7cIDy3WmCY=","1y+wX87tlqYjfFZyvPkfl4p6gaC/npqp5YRZA/uZ4tE="],"block_size":4096,"path":"lib/common.js"},{"block_hashes":["K72mG1kYxrqXBCWMUMlssPau85Za8NCJnUWzPrHS2GE=","4rA69DmPgRKss9PZmcBFmsqZJagFMNYBgJLUUusU1B0="],"block_size":4096,"path":"lib/communicate.js"},{"block_hashes":["JeKa6EvRXWy5aI8iTIMHEmhtFEwVz+/mA2by1xxtMVk="],"block_size":4096,"path":"lib/convert-to-zip.js"},{"block_hashes":["AMgkEClZX+M7xOLEPO5sIDAX7acDxH3/tlwE8uFli9Y=","wrZJr3Q9ps0eLPXF08Sfbt2/2lJLTgl4ulc4P6U8ZSg="],"block_size":4096,"path":"lib/download-manager.js"},{"block_hashes":["/0W/88AotHxkfrgpq3RYQUWYz7Ho3HcgxgG0aBz7t/o="],"block_size":4096,"path":"lib/feat.js"},{"block_hashes":["pfZNQdBnSe5ejGypou7ge6Ougsp63bE3rq7tDLWl/PU=","9d0ScdakSL8rIFfUPhoN93Xarrzk5fabL7KhwdKftrQ=","gtVqaAPywq67mllqxl5N/oYHzjkye4Zm3g1gYa0VGx8=","BqgtUUrWYcEes9RGRhfbfmqrbzUso170uLJE8d1rmhg=","ZX2M0ST2DNqHMJ/2EJKxFpWloQ0GU0NRJ1XfoUUGodI=","iyr/DFKbWX5ca1qK+lzsrbO7UKYUAAmxJgTi3JwgDCQ=","0xxXBG8fmaarUF93xflc+N5BARtgknBWT7mGOJ2PXEw=","OdCgneumQdWzZUJHLit6EkWoDzT9lylwkhLyEko5N10="],"block_size":4096,"path":"lib/libs/AppMeasurement.js"},{"block_hashes":["TGWKsnQ6FWR2q2jQDO/cWwpWssvCPcss5oKzDUi5hJM=","yqEP0Ezh6rB39i2kmgpNH8hfZxiGzay3TMFBagykyjc="],"block_size":4096,"path":"lib/libs/FileSaver.js"},{"block_hashes":["EckFDtZf4oertmtGKLM4d0dEBiDOyLUvb4OyUT5PTHQ=","oGZP9TcmOVaKoqfYA+7eBBm9KRQ2Nrx12T2JMNQrQ6A=","NMvy4ix4p1ZLRamf2Cml/RPUugwjJGlmmThexWFw5Rg=","pKezomMT9EvQ5npKuHV4tsIwByZtcx4LGTZXZe9meDk=","iIBojIFp3DhRvRsQS8IYRXbdCrAA5RAMrxy9iK2Pljg=","uvqMaw9wWYy6UMknZ5lzmACjndcselFgsD2sPTjw6ak=","i1aeg/4Sz9dIHCXVZ4v8w4vi1LTm7VQCjf+b9tlDlNs=","xyg/qBxQ89coaD1E8tTRwbMN2NAGTJDuV2R1p8EO9c4=","7CZTocWj4F43kQ2X/9xCjlS9jgplT6h6/ZnyoqGH7PM=","CJUhVkpgqrhxykAlVtI1bYHrSftff+V/mX9jQ4FwA9w=","FYATcIdNSDWklh+GWCb4R1dR+Vmvg7hHSy5LDziYV9s=","Eq6p/6MU/BVh79F9J46pmGtj5CrN1O1NhGxzC9iT6aI=","sqkZRDp6K4C5ErMD0iR9SZVewr9DMy/2bCmAe8ScePA=","wgzOjQM0LHoZOwytKMZLTpqlw5a+gYeL0h9TCduele4=","71COoqwc7PXJJ9EHc4x8QCFlozX+iklEzEH+26k4RhQ=","sBYui+1KeXDwDPZBrz3cFINpRKGfOkkGA1jvakaP+aE=","vihal8XeOXzISyftrqRVhr1TsZoqJSPkfdkI128WRmY=","4f6Fwvs2HseYfesQ0aZsEliROR9u46onYICN55gMnng="],"block_size":4096,"path":"lib/libs/deflate.js"},{"block_hashes":["ipz60afH6l+yRY3CRBXz5lTJX8AP8cCJH+gSOXgOKKs=","Dm3cJGBCR2u7ZyMgjV/eZCxNxZ2xpT5GxtZOVUNsb+I=","yToI3g4DHovmhUsUiOIv0Kl1Y1mi2xs5rIA9La1++Dk=","LOmvQe3khjS7uUnLbCgYYAAYJik/lW1ijsJ9N7ew9xI=","pMT4LXHX6CJI+8k3tufbCl+e0eLYyy5QwK5StL5aYn8=","Z9oUevjJKNhnmpkCCQr9TZ4jGyxyNmZwCE+431x2uBo=","XUtj65EguHRvzN0upoPvxy9/PMTcW20x3s4RX5gMEyc=","PoUxu1eKBL7N4wxQSHt+Dv8OJMJCjFAN+G1wWngr0a4=","faYEPUMB8cA8Ff/2uNhT7FV3ohELajyCjHwuNt9QPaw=","eci+CgYk82bqxi0xpuEaOxdB+G24jp/p7OvPDcCITYg=","TI8iiNwBxUHuyTYZ6jCXCCPpF/jgwwpE5n8g5NCjUxg=","X/fLKkhAAOnSqnoua9NABp5KD7kE/OFdOn3jS6/gc18=","9JTI/A4xPHiBxeXKS6YXZItZcsrDrBBApwTdA5Mp0EA=","z75CAr54Kw44v1wo8wZfLwtKz+fAsR+vH2fm3CLdkvU=","zZ48Sjl7/hQpdl9da1kUuWx1iSCnUg3Yh9/MinzEr+c=","2VSciO0bPojFMwZJxbOO0RvTByOZDdoQSCW8MaJ+xZc=","kDLw5mcFmRHhlrcGBo9408m25dE2thbiLQbz0HEv6Ac=","a839LHE2FuYtbS+qNy5KPT1er9dkUTZ0DdG8hnyUahk=","MutRUbVGAJoe9DBsHE/hJsycuBjzMtcAs9IRpTyzbO0=","il9VUpPV0fgK0xqzeDQmDW3w3Xo59HKhQFOziyFURFE=","kNFvsgysTgV/MNqyUJc8Drlksi0dLT2dkC5IKTpG7cQ=","3UdrKuc5K23/FOtRsKYQDxgdvY+1yxhSQAzPXCXyXGU=","TbC2N6qXoW81iM5ixGO0SfP9JbMTFQLrDabqlRrMTRU=","XaGYrg0IGaL/Y0y4Ug7kH5NdUO7SQn/pTSwM4vnKcqQ=","wZ4eTf5IEQ6mWE25IZ57WusV7IVplLDyYrUBO73rsYk=","OT/ofP6XT3kcIqypsge7DFRi0+e/AyxD0o43XQ/h/Cw=","ZyiniWdPpIYLklNafqpFg1bUc+tmKZPjmBWylkKzU3Y=","+orUspcgmgpRu4uqIo47ItYueFDtFBJ1vX0gIb+BpVY=","sPsNfgNVDK21X44B7MrricEomKqaJsE+IxThR609Znk=","hrqf96cNzdetYhBwvt2qGk0EKczArgLZTvTMltp6RTA=","VKedjrqNIrXYGicbVxEpsD0+JElSHudG3Nh+k76m4lE=","n9LdL5/Ja3AvV9XdrXfbHwcDkS+QF8xf/k/kLwFLogc=","qXuvEcKZbkdCx2c2BTywt7w7PPyUJokCoanRLqBCA9E=","uHyMtKYenoIxRF6XSQMr+0OqNaJx45A851ngCmF9E+A=","DgdTZlJ/H7rSjeXFtcUs/e3IQZMOWUuiP8OijMA4FQ0=","9NkgvWzeGz5DG4eBZ0bULS5h8ktJ/92pHdfLt/+0m4E=","1Un+YFhebQRBouhRSNsSqv9TqxD65aYG9xKqyO3VXgM=","DTI2J1Sde1TCD/3BAbiqPiwDRi2U41HuJuuSEcCjp4A=","9w+Zf+aboNciEpSb6RT6eGuWHnhjrAEB5+e34/zm2iw=","AFqeIJexhrMa1t1/xEHxWMBKtf2bdbGRvI/Fo0BPRgg=","CYiGU/vAYe47BNrg11qGfTHIo+5aBR53ep+jeqDKru4=","kpgmo1bexqkW+bMdnpoGO1bbWdJZdqsDXc2rWV9qyU4=","RTUMmNOkpzB6cti48BCEs9Bcq65OIRsVtCDj8ztCxgI=","vGlTIHaDjR1Z5re4BGny449vHi9JaGReF105jQBIgcI=","JehYkLeCe0NETK/eNyt0Qw1Z6tADXm1N2dHIcOPrRcI=","FDe06tqbpYajhqYXPHIRHSIqTmhB8k2oq+50i8s2Ewg=","PlNsgM5aMrL2Wat7Jp3jrUSi+phkUumnQmCFIlzNNc8=","+7RgnwwCrD1myel01RqEnT9nHFak4lX1nedEa7p9vJs=","QtI3VNGRp0c967W3Xg8euc1FX8POW0wQyn3z9XVPsig=","mAtqM6jZ5sTlPLSBgZyv3LEnqPb99jmNb+Vej+tyi/4=","zdsT7cnTYQYcfOqVzetS3LP7XUad0zAq54j1SuT4x7M=","xsfnqlmmYKOmKHVFBfSZxXiKmoejUkipvKDnn+IrfaY=","SUduXXCJp8OrYorp7vCa/W2BCohTZLUsSC6C+WPqb2o=","+XY/6TpMxUC4ZlaCpAls/whZ7xfy2/g3Bgng/kk3mg4=","q+6Nvqn1Pw3xTL/PYzdCuZO/zYnsXCVrzOWwfsQ12+k=","K1iKjPO94sbyACXpsLAgTJroB/o9Bpl+4PcUuU+RNJM=","rtbuf5ARKZooD2oopNp2tJiB1shGRY4XcWDcR0RtFTE=","K3BkNyWs9GMXyhfJOMVDOmVTM355+OroxZ+BbEbJR04=","6Udb5CKKk63U6brwbTFF7P7YHiO5FvqcloqRavC+vJ4=","4saJm8eCz7a20XXchlYcCUksFSOYne8CAL+rwrXlMdg=","xBHkXZSOkimuAVLwq5KURjsWx2LPfbJDdQNnMtmqxxE=","3qyADUZRtmsuf0r74mFrOSdCg8YijGAr3n5gjCCq0K4=","6kNYYja5n51jWLzKqYYT5RxgAKnowBiiRzkhItSftNM=","nk2vfGzsc6LBpywL6oCdBb6RumuSx9CIArYZKSaW440=","UgM8xXGLgIoCc+1ph3BSv4a0hQvd/9JlpkKzbu5KK+c=","Gv7jz0wxlfbxbA3Ivq13aW5aKoclZbyE8UbkeZS9V40="],"block_size":4096,"path":"lib/libs/jquery-3.1.1.js"},{"block_hashes":["wi7QOt1wbve3N+8sc61QOegEV+IdWi3m7NgZLlJGRXg=","JProJv3eJ32VVzGiBBGkbED8mHDids8WlbkUdIoF9yo=","KYybAFRYBTe4lezu1WMoGN6cEhapSI/vyshVqtQ/5AM=","OaRGYIF5gfz8vk3h4qeMoSXY3ozhdaR5Sr2UnRqWdFg=","xdDgGSYlJZ2VLI3YxWNzNb38hrrdWz4gwroUvqL5K/M=","kVt165ap/GzBHyFR8R6Ohej4bplSUhPbhoAdv40bFbo=","eccauTk0yb99WX35haQdsuulCnL+DEk/tpuC3YcujLI=","fTmUUIY481zWRsdAvodE0UGm9r8rKoAGd7MIrMnaCfU=","DVkhAHoLSczLV9cpXizdmK3hsWTipP2YYPAohO7HLtw=","nZSJrKpNuExw6ua/ziCoMRycnDKtqwIbMEvh1Gu+xso=","M8NkJe2C0fK5B4WbA2VsXNv780JF1XBZ5O8s8/txwhY=","cmS4HA671L7rCnkn6+DRDETveHyIpsNCZwuQ02JTbok=","XNPE+JMQN1h6jq7LwR4ywbqmk3bUZi1GU+QjAylQ/XU=","m2mfBIbNME6TBpSHm02LTDY6TwVc3os3Dp4VOA3YGDI=","l5wKue0uGwGWLj0S6pjJvcFHwaKLzSJP1ZHhNJqYAk0=","uhVJko/aF94o9z0ute6KQh4cU/W+9RyRSrwCjNmZGSI=","0VcRirrwkmCAXiS9W8HRNgjq3v/1ra+9AaMjEUns/Lo=","T/6NG14B4xCK7MTPFT5zUr4hFFow7HjG034eEc3JfSY=","AMaUWw6Ir4gdzkliBhq/Ojm2jJvduZJhXe8boBusDYI=","xuXmarbMcltLalIGb3cc0pIC8DWrP/FKtpl9wDQ0duc=","k4Zaj35Dhv/WLcasmH+b61B6Gu4V/HyG1Vepn+e2+7k=","erkgVsLVfvLk9KWX4Do90F+jGt7sT/19/yqqHXWPR3g="],"block_size":4096,"path":"lib/libs/jquery-3.1.1.min.js"},{"block_hashes":["LcHRCA42vBiaDS48ANTHW3zSyvWiTfuj9f79k/XXS5Q=","k7Gmd/8tMD2dB1RqoEwU5wS0IPzHzXQ35cMNtCWoHL4=","4VWJe/yMxHl7jbyozj0E2N3cmmNDRIzRZANQdO2Np38=","nQvfv2ZViTte/fcV8T9SN81/FfeSZuaB7rkRoYODrCk="],"block_size":4096,"path":"lib/libs/require-2.1.15.js"},{"block_hashes":["I4pQqWLdA9ZOX6VJwXK8Hi2NH3UhefNWiFqr3XeTjU4=","EbAXXdWRSj/hD/tuex3cyof7ObwTrN1k0ubKrcRVpWM=","9zBPzHcpkGZqHEFTKMUL5yqofMLzm3j0fbwvSfeqRmM=","cVYiheR6OTbwR/4VvY2o4FNJBii7uywwXYG7c/HK63Q=","rezz7YZ/f1XISFYMtSnk+stS/AH6xVleXVw9BC+QQSI=","YRJMVEtgcDzw6thRNg9qIcxxrz3zw45ypt2iJmvFe8Y=","uOLAafktaY23aF9eL3E34i2jYmsNS8d6RJSMh+vQNug=","6g0Vmq8EmyVC57GCDzCIG59Ftu32iwE+bjUv3rn9IoI=","mdwBkvY+3TcDbEJqMXMG6r54o0LFn0NKjo0l+ISSAqU=","4kq7zbOnA1SzctkwJCf2fn7yq9JW+qLPZp9vnFvd+XQ=","KxnXa4YKc1+hINB/7BfSO6UIvrY+re24OGFzRiS86gE=","n5hslfgJvCvIuc6C9oeP6laLIDhAb1QRL5d51ctKAVk=","9Ie2HWEjaO1+MkBVj6ztQGT3FCOLPzGDONbniQZAIac=","OY6Gwv7Qf+DQYrv71rjK7ytd+pSEHskHbwm5HOzUFrg=","I8ryumdELZ3P+ASLXjL+jmo1joPbN1awhvOZmQg5NKc=","Mr6BigEuI9OR3RaHhC8EusPRBwUtE6ReCkvat6KSG1E=","sjtVnOV0IcErHH5oNxsEOZ066YqnopV7YSAXMWR9c4Y=","EOk24cOBsiTsGU1RVzaHfHfhnIp3FNXrrqpgx8/3MGA=","kFjOIiUScSl7EWJObaZBkUj1ortBleP3pLs78lDhLR8=","2lddp3OqaWc7P7EioreeCh1ILuFdMaObR+HDPSAZr04=","6XSsapBJeluNMBSCD5n+bOCzRRu2Ko5t2GJcN0p78Hs="],"block_size":4096,"path":"lib/libs/require.js"},{"block_hashes":["NFtfC0sl/P84tydzyqnZHJXoFIbOOrAjPWRumImA6DM="],"block_size":4096,"path":"lib/libs/z-worker.js"},{"block_hashes":["6JLHNqu+o/PgWlQXuY8jZFBFV5nzP/sMNR0OQ0riL08=","9zxeeCsE3x2BKUGo5umbwZyoXLgvsbrESoIGQLH4KU8=","X2QVPstMXxlT+x7PT3USYV6Hlx2G5MxXK8lD9ZcRHns=","ziKxURzycP4moSA5UjVqfV84bpIQCJg1mTXiv2zRmCY=","sVFU1Yt41QbPqZyQAHi2+IFTsCRKav2fkgQdST2ZDtw=","fKABlWG8RlHjnNL07qE1j6jJYLSlv+NDq7ZuI6GNAIE=","AUDtAkvQJ9/CzKskyAZaCQy2sAKlZkoBBbfmYsJ+xlg=","Jn2N7CdYDq6zPwrjoIV0qqz5dH24xSs9w4CQWXxWrq4="],"block_size":4096,"path":"lib/libs/zip.js"},{"block_hashes":["g9I1ROJbyRTukWGcky1ftein3kuTnA4TnQcwG7Q8gH0="],"block_size":4096,"path":"lib/proxy.js"},{"block_hashes":["AC6QO7TzHryZENHDwqfku1Vjkin4jZFtEndZlO/6NzM=","Gdv/bND667MwUMeqxasEIAJFGN2hpeQOCVBufQnmjtw="],"block_size":4096,"path":"lib/session.js"},{"block_hashes":["2GIkdyNVYEnwQnrQGnDn7JxKlpUkKupig2I/uGcRTjc="],"block_size":4096,"path":"lib/settings.js"},{"block_hashes":["tVj8WRCCX1l/qki9IC6nCIVAxUU4uc7smDAtylQ1UFg="],"block_size":4096,"path":"lib/upload.js"},{"block_hashes":["5lNtDL+uzEJQP18CkzdO71H3+5Il9hQuuGMUHlLfb+g="],"block_size":4096,"path":"lib/util.js"},{"block_hashes":["eRBqkxXncqtHo2l2bhFwzDNVWZyNd3kOafr4dfLPTqo="],"block_size":4096,"path":"main.js"}],"version":2}