{"file_hashes":[{"block_hashes":["W0xfvUMsyY74tT8aBTV8Jv9+OCtw+grD44u4csOg/pQ=","So8aRyNmPB7yt74Oh8P3YA89NxEyYgGN7G1gvzEFCUM=","4yuR0ifnCjZIw0QUbdDoLEKEaDHcMjY0X2weQyuYOA4=","ZoE1i08VNWwPZ/DoapV5oTSWa9DBjXNrSRM4/2D489c=","IwcF/4HTnEzCYHe7JHC6knLm00a3LzTaMUsJTE43sIY=","JVSUgdbOzuxuJub9qUG+mk4qECW3h9FPODyu4Ejeu8I="],"block_size":4096,"path":"assets/servers.json"},{"block_hashes":["moF14RPrrN311gmJEytEvS0RoncTKIQ4F6LXwWwe3vs=","antvnVCtP99naQJYfbemoSXqhRM+XhrWM7d7gR+wxL0=","MQ5VRtos4CAjjckZEe9W8EUI99XkMebHqNRD+qDoV+A=","xWFRhlCg9ifUWI8c/GCeBG3p9bsEg4RyJxxelxztr2U=","qJjH5PhirQYkK9d2u9LeSm+YDFS+FwCuPs2iU/SCiI8=","POzm1ghzS3CR9ILSMSuvQwkyelN8wIksFZf8MqJmQ24=","G7mpvyUPb+riSHXand056tgntqtBmyrtvtQNlXegN7Y=","KeQf9qHmegDGO9uU7m2ffPIM+sBYB00VR99gAp1DLh8=","LIWf/xv7KEsFcGrbb2GxMReXTRCuY1QbCGuhFqKU3Ls=","QOl+RxFnDc21igxMcR6kzyyILKQAaXGVPDMGCYEkm58=","xB37UWA3WQrSyR6S7P447bZqEWSt3pbQyDAiMJ620WA=","KMMenVEHD8ronxPNiEGfbmKN1j95O+Ff4+ogRUwLAyY=","6Vchr3T0cqZQ7/Hk0HPooT4aHaWLhKU2GXORa1xC87g=","e1zyNZW65qpc63sW1CoVKNSAQ7ipTvcxDgp99iwKn70=","lMgsY2J1hCYBlOfOWDra+DJvxGOzFNrCjyiXJJgKTds=","gY2emXIPKKvZVTVSuObTg5IWTuxfc0lSl8Koc5JG2Qk=","GfgIHVFzP8/TxYM4RBj2OK3DtkOzyv2j4XYeBJjlGs4=","Sa+p79o/gZtdbqhXDrc3WaEswfJkcQoeoOxgZ/SF/ec=","leKgxkqQXQdXFruxHqpN90N4H+2MQ4d/7dKBIKw2Kqs=","CqiOyqVcCUJ/OLiTXePfy1BfdNMzK1QhvwIfonA9v5Y=","m1jwVkMDDIEmkaBxCTXFXHU30xpxNCnkbtNwHm5uE78=","Wi26Jf6Cp2//cvQnDPVEbExYlvKx53kGE7oti+8i/AE=","ZLbpsA46rU2VLTl0/3ypJ/CtgrYsMDmyXGIJsybv3Go=","vvik/5TttT41GvhGQLlpHFxd8G2gQkslOXD8wycgvZ4=","gL+lPrDCE3OotclQfClFt/uLCKcoraQjTvp+H/D/zkw=","jzbTrS3tPxHOG18F01sWuz4ZIC0HvA7WuBi9GtYQe8s=","/P+YrbxZmNo8f28TuEOM4v9i6swFrVFJkCsk1ygpV90=","kfvmS4Nz8VUE9sYd2/BktEvG6EE6wzQTPK+wRYPsWT4=","gtadoNJu37fDfUce/gI2p05eleC+/kgtV4sgaa07/Fw=","fLfoi/XfZIpV1FlLVtcjYX+fOqdcIW+cShmEx8RNZ9M=","BpuZaycAg559T9z3M1S2V3t5mgYbUn94Ebs12+N9CcY=","1TeUgEcMahMm6sBopVbcmXr87zOk4bSzs1dUCMNucUQ=","Iad3xwHB0HvHRMukmKayEBb4k3NnSlS01P9K+vp7aGk=","mCH8DjNSSBLe2L2D2GTp5ThRDSUikw3WCO+BKP5fphg=","DgdzArmzIZVI8WPNxTUjLgCJ3dwiIXZAo22ij1j7aF0="],"block_size":4096,"path":"fonts/MaterialIcons-Regular.eot"},{"block_hashes":["WqkC+25+tzeh2sQqrfGfeo4zRzoTLYrWKa8azxoydW8=","8FKqDc0mEbxDL0JgqALYIlUKNsmzQrlg0nTP66+nEg8=","zMAxx3/Wqy35nodSA74h9iARcDDIcky/SgWD09/qsEY=","Gs7UOpSM25mPo/BmzD5FDB+uI3/lWXHVQ5rGA8WYsV8=","MBittldYmTVETzIHrdn+wwiWRNbGFuBx9K0QhZ7jzYI=","TJsq4Tb3yr8SJdNKpv4+q3j14FeWumxKLyh8wxRQaIk=","b0nr2L5M1OiIzfZStw42BsxVCQFW5ZUzoa1dZK0eN10="],"block_size":4096,"path":"fonts/MaterialIcons-Regular.ijmap"},{"block_hashes":["KKezpDA6QL663Mdtc7kGnZojoB2QGPoWJFezz8JMnuQ=","JTQmGwLVZyiU+AaPOmlq/7gO0v1isqNyES31qPVli8Y=","i3niOgqjuA5m9zGwg6IFkKAiEHBAv/zs6Rmqnc2JD3c=","16JHY1xv/acPya85D/J3NQTgHFgpXtl5LFF+jB8HP58=","1Uoi177Ayz1cJOAEM9tle3fEMD+iPNdGyEVPrkzc8mg=","9WDl7P+1tdO57pfrDskD6gB7R1j4P8Bv9Je72jJKbU0=","S06W+vkJduEcLTX+EsfaVVaMEG5Palp72hXovZ8XBmc=","dXq3e2qB36n8/PKec6Dw2DQo2jTZ1UO6Zac0IWAHET0=","RRrJRKvKqEOiiEYuWe0mf7UonoI7uP+P9NfG7yUTZcQ=","FXfHqzs6DH1KyMSDmDmAankduW7TXzuB7aK08cTVnDw=","ieHDa3fbQ/m0H0B/OtsdrMvaJcbXW3jg5YraEwPegno=","A/GKMS+5ehJ9qUeavrx0VFq4rhEmdHsBpaDu6hZR9vY=","XTcUAQlX0BPPh6OmOXBPEz5vA+tv0ux3sKjAd8VHszw=","1YlGbu9lnzM18eC0qcOcjYlJfO6GapSNRrpvNWNYZsM=","0XbL6oFoEggc4IoECGB3EIpvUGX3kc5pniRYEhYA7wE=","eArJh7+WKSKAjoK7TfyP6ktezc/V0dn56CP/2L2ULwE=","94UniRKVHzhduJ4VgDZfVdKqYDl1tm1T/0gVNtMVAG8=","EMfXxwn7f2iU2QoGa7vvCkvWqMoMJ3/DAl1w3e3jXL8=","38HkNjA/ozWY37fKK6IKbkDdjO6V0EDqlCdIWdmyJ/Q=","mB1OkMB5Zt9W4rMYBULhibz6ty076lgDTI7CyUaZ6fY=","MevGF7D1Lo1ke5vTtwNFbuqoea0VUj+ssIn+zzjeORw=","HfZjL64JMHIIsPfLRqQDSDDRxXpZRvgLud6Mzby0cu0=","Tjf01BB8/q6zKLh45sC5eRkzr9T4rM2Ct/7hk6csdDw=","6cs5HwLXA53Bp2FIKb+IrlH46mDfSqXqWHFuucUO7fY=","LWGyb2T57yS2Ilj2Vn9ggP9joi1fGiipH4F8y+MV+2w=","8Hj+FunL/iTsplG7siJ7j921q+pGC62OM7WoUvXceow=","fn7+LoUa9Bl9lIqdWuLv1nE4Ydk00OFaB3k99Hkmrjg=","HYoNm5+ZiReySqtpPVlZLI6XDda6Hje0O4sKyFrTb6w=","AYmoPNfdyNa2kNleqVQVR1FX4DXQ+udPaIGQStcZ1GU=","vbw38fBWvipL1AIUVL22T33fzmYP5CCA9CyieCI8eaw=","M6x/Pqe3+FAZ0QH1VinI+OMNzUlHpF2tZDczzZdWaLs=","2BQ0W+j9nvKpaskqUqvJP0tWWuIYLWg801vO12ixT/U=","nlppcI8DspkBX55iM5MJxOPeKwaVb8NNR1uJioKUjIs=","KIpsjQ4z8IBK77GD2mK1dcA/DRidztPmfP1HSy5t+Uk=","iGkdv5Gx2SIU8GEu6cm36eR7/YyzpvS/yrwo1YpWSZ0=","85vd/PywKhmtfxZqh7Lx7FqVSC2nqv993PZ+DMavrDE=","8//CWBp/SH7iZ6fJToT9A1prfIbZvEnoWxlwnbwiTAI=","LxG6Dp2zyAcrp3va4tKeoVizLeJYmjnhp6PLkesGtwE=","Vr9Dy/x39/ojO102GOG18C8REAq+efy1lPq+EUdrc3c=","XEQPxAC8yVw5mRJglC5sRsjfm3cG67P/W5uoGyRhlow=","7TDpzqNyfu3Bwe5Sh7zFXchw8IZZ+Hipk4oMtFMJqwI=","UizJXpAV1/SUfYDz53UbRIurwXKssD8eDIDxEK5mEVI=","6i4/o6q5DyAmAdvv332dN5vHaWntwXkf8PuZysKuKbA=","p1zoJxnjHq9yR33/O0Py1Zs9Ip+ULeY8lo/Sjx8CRmo=","9Kkqd5L74vYxMz4rstIB8AFz9TGEkMRYkXcn0a+YgkQ=","gcJ4Tkzjyrg32D1Hrv7/VoKj+3IZJHxGXC6f7zRIZKw=","PUfphFjx+ljXVFBpzgQzKUx4jDg7CfcZnY61noJVW98=","AHN2fOqh5NehuJXM55p9h3V5GH01H/nhpVHRmBThJvc=","KXUKozx3OwwMdAwjVAW1z+vEmuJkA/Va1ecXJV6eOUE=","7V/vxuZAfV6ZIzHM6+mz3uEuJFuDARGPiMlhY5ybxHY=","F03lnFQAqjJkjBO0Jxn2QyPeKQpHhueyNE0S0tSKb5Y=","wDBqTl8WJR0JYuM+qqyr0JtiQQupKh+1qWYZJ1DcZxM=","KGmoeBeDl6EeKCwss/Yucl6X9rWqX0MUxX9ZLE2dwCs=","dRgcr1jTYtSpM9jTzJl20J82Ez/By1Uo6PTc6huNOWc=","Ie2xuMBo350t86GVyMEqo+cijqH4YPBL7Lf8v0Z4jOA=","TsXiE6n3ZbrYq0BQYRfDx76kulp7+2bzNL3v/1Unbnk=","Diu2en/06S7CK/lORbsgXKPLd1DMz8n45in4FC0JmGg=","IeSUCtRys7M5HdwQODFpczmi8FQUHrKPqCHiMp9aeJc=","ZYj9H2Myh1wyCIAS9/K/nTjf3VhWF+GwlzTi5Sp/LxU=","05kIJbQJI+4Eq8ZgYn+1ysp0p1qL85UuBBmLHs0669s=","avTYyDNhbE2XntuEwju4rquZzGB3n6GkUafr+tVmaB8=","bSIGVk5nUgswtBjIvgi0ZgCxlGzCbx+udJYZWBQY014=","1yuQiryCIj2mM5CRJDroGZLuRotoFYG9q5EvvSIx9h8=","2uKYMuhyKfFxHWHXuuwX8WmjZ1TTtCs2fswD6PUtDDI=","UCk/5+x/zvYSzp5/mgGk8hfNFdce3QAOxK8irMQwiWk=","jGnQLdW6J0pRaIwot6i04XmtIgCWRRrZB2Da69hrQhg=","aXF0YNhia2AZbSfjTui3VuJt60jq7Lg302vyQetUn1s=","KtOS977vsDe7eCdpIBMscAMt6Hl9MMUmN2DP2kTiRUI=","Btg7KMUHa4ZZAMcQONMxpQMQ+AYG6oHYh+mKyLY+Qyo="],"block_size":4096,"path":"fonts/MaterialIcons-Regular.svg"},{"block_hashes":["hz4c2O0/mXGOwgZNCk18BNZqXFlTKZZMdYcxbp6doXI=","XQxzUocxNQGnuE/pnxhJr8aZYGWuN37vCtAPnD7p8cI=","QBglLG2XTUiDfnfCyftahKcGWnMZ4qOrIDN8592NQYw=","RS/LOoDtn2FgsoXAtgn1PY+qNklDWr2wGebFsxDBZF8=","O5VVGOzIWK1Wem/OZpq1LTNY7qI9F6tO9wpq8FI941s=","fErSKEX7Bu/xsm4v74t52hajxHfRImjBL3PrPtJ9oxE=","VtAIfdvblJymKbPdldbPc1oG+VMn9yY5/klgA47fXGg=","J91J2huT2oPycLZxaHeHKxQt6EG8a1K/KJZsxYa9wGg=","EUf82pwPuexq303b/176/SD01d2ErCC4IRrGgmICX0s=","tuExSUidCtP/VJRSmu8sHJ1J9shPZ/Vy2SAoiquBv1E=","Lu3GhdNAjZWSfWK+c7C1a+qhjTy5F4DscYYqoa0Pzuc=","GxyXtDd3F4oiN++xPPcRVayUimi5NUJO1RtJ5NBTNEA=","c1pZ31Qd6gA5VosjsWhuUGs6Pf6WLAkvL4kAW0LP18g=","cWbrKmkTf4p43NrkTq8zBNJ3jjGdEpHuzpvPupqqdY0=","sUfZo8zqdrEmK1r7sH8Ueqsyb1He44L+OwWkjZ6ths4=","aZDL6/O27QZtDcdzUBaA27I04+hLuoqy9bQMbli9A5M=","07jTTqGjdAUGhmWvlMW+faZnbksTHFq8heJiA9U6VkM=","+cBVu0QBGgxoP5pwGBBuEDwR56oG0N6WZhf44npr+64=","fuN8yEUoYFMhg5xhk3D6j/bqg4UGqOpl0uJaDeymPjg=","0wWfvjuIfPGSPkK6UiYcACn0UDGy26hJcwLcyQft8qM=","+YHBRsEvRP6zoL3SsGpJkEKy75vDb/sLueMcPxvMOoY=","5ihOVwtz86Ki2Ew8surXOlyFp/WxazcFfz9yYOUQ8Ms=","mxu+PzHo9sEN8/4Elh7A4THc0Oq1PCIihgxuly9WXPE=","Gl3MPmbwNxARmm/Ax65oVp0DQ5Dyvsv9XFS0Dn7SE/w=","MmWGW/OAgEDzKAZvexxyDwFFt1zPcKEMXgdSDvzHnNI=","SJRakm3dSsGFwgxNONqvVo8os2hpDIVFOYRXd0irhYw=","fqxC3KS+4uJIiZlNtGwHXeU963LLxyYTRBEI9Vi1IVM=","Qn3cIN/974/Xeh9BvIZ5kYVeHwimsgJ1AJYMn4qFp4c=","7zz1o1JWZoXWNyyT9LG9AR32gT3Vn6QB8qjvjvZiR+Y=","DbdCHYXk7kd2BnITeyO/QhHW1lvYilA2UIYkBAliNAQ=","H1PSYej7BdOUX6lIN6yvqiw4XCq7AgRNsn1xfpnJU38=","o+eXLoirpIRSPurKJKJU0fqoVdYEEgDA03jiosXzflo="],"block_size":4096,"path":"fonts/MaterialIcons-Regular.ttf"},{"block_hashes":["BU8+QdK5Y8VcRFiwW1tnROCVBfGQZ46XT8sEsiDPMs0=","T2+eDFZ24ftM4ozxck926euhGMfhwhoTvPp2tGyzEWI=","4mSV/metSqWW3sWOdNJa0ockTN+PE9lAWWibNDhWsMI=","7LEn/qfs/W/xQNiYJMehMMrfqkkizRNSLc7Yoiv9/7g=","enHA83x+doKU+iCfP77j/pKqQx+TxwIWutVEd3V0rrw=","gJV7Dstsie0OeyX9fA/LoEFOv+ywYX3kKHO2layXa08=","2vgUJZ60+A/qc6c1oUNTIla73i8o4Ss6qpdKfWEtJY0=","3G+JFKPUPflqRmv22O1vjN7Lh3cHgB9RmDcXK6mQr4k=","h6ntaCcA65z860INb5EDPb3UMUnjylcHbYzGKy/yZ4Y=","PJOS+i8/kMPMDcL7OByXg0nsAY2ic8HTxEqKar3xkqA=","rzJpdjn+shM1X/kk/bgC8cPTwKtqSdNPsZBj6ilME5k=","ZlIYvYD4kG+yCUuFNL7F7s+xiQhB9l9nb2h+VkwAy+Q=","rB4aukoJe4q9NQE2jhLS6FJgWyH+VGAdQ35W0A72F0I=","c9S6Uw9VvC38qgtsLRZZEItIZ5XKiUayL6GTTThA7ds=","QV0lDzz4cz8tlkwYvjT7alJWQtqfWu8G3FNH4foQ/1E="],"block_size":4096,"path":"fonts/MaterialIcons-Regular.woff"},{"block_hashes":["CVwcZeCdBLev/zO3zG3N7jSSRVgNj1S0W5eK6H0vJk0=","9l9m+E5fzUp47z3InWIQXKbz688oNThx7viv66CidRo=","IWq0O1k/OMMet3iMSTe0zIZONP9dsxI62yyAnwi1KeY=","IjdrPhWAZ8VQMor7UA/REGvSpB5/NGdQSf/RKptOPJY=","Qs4HVY6+70QWD6PmMhml01zGwPMu3kGFK4ETT5B7gTI=","u832D5gY6FHxe+Op52n6RKsA4TswUjxJbN3vNLxARdo=","0/aSqpfrcGKx+hYGqOU4D6b3bgI6LP9B4KcbMwQzTR0=","QZMryEMMlptY07EkyFiJO5101Aua3qUZrat8yz9q2is=","SVdp4/OvEkQtK1GZlfo+SMmGdli5d+ZvCCndJPi5mtM=","TdKLTZ0AbdtNNi7H1+ck47l07Iz1zLQAEm/cBcef6Tg=","LpHa2hw5P3Wg8rFuqJAUJQvGnebBdoeViEia/o7z72A="],"block_size":4096,"path":"fonts/MaterialIcons-Regular.woff2"},{"block_hashes":["EdU2KQ6SIAchd2F9NqkfjqHDJPMZ0zXr3zO+jDRHN24="],"block_size":4096,"path":"fonts/dotsfont.eot"},{"block_hashes":["qfzldlWpE74sg9L0nX+Jwb3Aufw/LhYDmLInYyMyFiU=","VYvpy3sEqg2pH3IltoyZR6pFxxY1XZJhT4sKCpI7YaY=","euAkH9Ew1Qloymt3mgoWCLKfOG8ZNpLbIHhkKiWQR84=","5jqUDfzwymYqIjuJA/W6FDvbAJMxzfLWPB6scbWMmjs=","lwgFiyGzTRMlyAtcjNyCVYRwFeL3/qiiGY7ms09Q2qg=","hhUnOOVvzLQyr49cpT3ZTi+Rj1h9yQrDF1MI3l7DaJY=","rchRSUMn1EudzpCaDPpFdmVhYIwBdV93bFU6FQNBIlA=","92R29f02ZevH3r0G0Ay2BznIwefCTbpqsZR18FPyiBU="],"block_size":4096,"path":"fonts/dotsfont.svg"},{"block_hashes":["QKBrf33iorvdDeRxLAo8FXcgZV2Kk/vjT3q8lxZ6SSw=","+CubJ9dWEaIvJ1WxJjlbP+S4ko/ROi6/jw6021jPpDY=","ouupNlGtYTf6blpwLWAjgGQV3IHSMlr5JgruiR9iBoM="],"block_size":4096,"path":"fonts/dotsfont.ttf"},{"block_hashes":["h0DESUt6QEoQdx2peZO2/ueTciC9otlntHVC9rSZ8K0="],"block_size":4096,"path":"fonts/dotsfont.woff"},{"block_hashes":["iFuAy5vUKN4fTeX/b+ftA4V54j8Qp4TeqTu0whj5BrA="],"block_size":4096,"path":"fonts/dotsfont.woff2"},{"block_hashes":["pwxDWBUDejDGA9blREIiZ3+b2C3qp5E1i9GSRExRdxY="],"block_size":4096,"path":"images/arrow-back.svg"},{"block_hashes":["RoJXDi03A0ZnFjJzezen9oszm1hkWt0LniHpwP0j0lQ="],"block_size":4096,"path":"images/flags/ad.png"},{"block_hashes":["KY3gJcX4vKXYC3OYNnUdreKf+gNkZvFu6WcfazNLqkE="],"block_size":4096,"path":"images/flags/ae.png"},{"block_hashes":["eIDQuqUVdy9LvVCoWlzKGs9AwdVMW2OaT3XQI5yV2e4="],"block_size":4096,"path":"images/flags/af.png"},{"block_hashes":["4CXziV5Q66zzV4JNtIovB+VFcu4kBg/kyhwFe6UZ8fY="],"block_size":4096,"path":"images/flags/ag.png"},{"block_hashes":["+oUn7NSWJGw4xXWeotLDQMbYukAb46XLCp0vX0t0hjk="],"block_size":4096,"path":"images/flags/ai.png"},{"block_hashes":["Z+O9estSlzmlI9ljlQCrJZ91YfSq26hyjvLxuTs+1IY="],"block_size":4096,"path":"images/flags/al.png"},{"block_hashes":["MelGGSmyARnlVREAjQf6KBHnIh6Lyi1O6v//pnD4ixA="],"block_size":4096,"path":"images/flags/am.png"},{"block_hashes":["hAwU01rmFKJiFxFWCQiyWkfQnyk4dB4+dU/3CiRZbjQ="],"block_size":4096,"path":"images/flags/ao.png"},{"block_hashes":["oISeKxTiZh7USOnfUTGwh3Sj9JZZpY5+IMFrp3n3rBk="],"block_size":4096,"path":"images/flags/ar.png"},{"block_hashes":["kZHvAhVbpvtm0eH6PttGntvBe3SZNyYap9yJFXCxvgI="],"block_size":4096,"path":"images/flags/as.png"},{"block_hashes":["cPDlbAAEL5ojO5T8qXNg9TAOGnEtsak0z4dB0M1uKYg="],"block_size":4096,"path":"images/flags/at.png"},{"block_hashes":["HPgtGZa7XGAMeQWT371lnev8y1EBtVHA3DzV91hg7TM="],"block_size":4096,"path":"images/flags/au.png"},{"block_hashes":["ONAOtTXF+GE5zUD0l5ImZjFPRfzFaXUOBasmhwBzoYw="],"block_size":4096,"path":"images/flags/aw.png"},{"block_hashes":["dfeNUjn0gwIvpA+4d0GSAk/dtrtDw9bngDbezZXuqyo="],"block_size":4096,"path":"images/flags/ax.png"},{"block_hashes":["/AivgbOteL7p5aQONm5HPLPzGxR6I5oWzzP5BgVe+Qs="],"block_size":4096,"path":"images/flags/az.png"},{"block_hashes":["Po2xn0oPIll7vR+zIrwO7QlRBnBHvE8OitR1C5Roj1w="],"block_size":4096,"path":"images/flags/ba.png"},{"block_hashes":["zAw7j0RiEvlQ+aTpKe0W8Nnxc0rev8AhKKaodt6LPEg="],"block_size":4096,"path":"images/flags/bb.png"},{"block_hashes":["UjG4hm/0Il73zNHoaOtPSdaf9YZ4lo3grScJMPNEBt4="],"block_size":4096,"path":"images/flags/bd.png"},{"block_hashes":["zDSGslYW8NYb6sxjSFPdTzDDVsOKHdsSckbA8FJRhsU="],"block_size":4096,"path":"images/flags/be.png"},{"block_hashes":["cmpwnFolg/NQJvifa/UsHjMx6qATMa/VnIpL8JMcTvM="],"block_size":4096,"path":"images/flags/bf.png"},{"block_hashes":["ZIUtYIabSVPnNGrhEca9aac6KkvINKK5KAtFRQ0wWNQ="],"block_size":4096,"path":"images/flags/bg.png"},{"block_hashes":["jbcCfEvDeROlruxyYdQ+uexQNQ3bxsFlN3j7Ls9H+no="],"block_size":4096,"path":"images/flags/bh.png"},{"block_hashes":["VZAF5gzN3OmI0iy/I9BiCWuXIcdudKC+8Kt76zIYcpg=","g4J65Qjx5ajaXfcxdERrCiCQ9r5j9hnHhL4HjzZHbq4="],"block_size":4096,"path":"images/flags/bi.png"},{"block_hashes":["ZSjsxdRXgno+1oKlLtb/eEEiKfD/TKRaS/fOFVuvVnI="],"block_size":4096,"path":"images/flags/bj.png"},{"block_hashes":["XkduSorV2gPZDMkMj8juAnejN110wDhCDiN1OYT0kzc="],"block_size":4096,"path":"images/flags/bl.png"},{"block_hashes":["KKqa2hj90uF5IIsxaZLNmwCS+53MreNei1LqcZ7YwB0="],"block_size":4096,"path":"images/flags/bm.png"},{"block_hashes":["7sR5yly4Wn+ptq7y5mtKdVa3TDCLC0+YcGbt1hn45Ms="],"block_size":4096,"path":"images/flags/bn.png"},{"block_hashes":["jcAW88/W8H99bvtD8ApEsE+xNlfLxQ8rwMXUN0oUMpk="],"block_size":4096,"path":"images/flags/bo.png"},{"block_hashes":["BUGCG1eahIV/zExWe/syPNBUnRdFWrZ4La41UA5XF7M="],"block_size":4096,"path":"images/flags/bq.png"},{"block_hashes":["bf09oupjENOb/x1Krd3jVe48kBpLzvduXQAr6Rv72+Y="],"block_size":4096,"path":"images/flags/br.png"},{"block_hashes":["FKIDHEKwcfpduciXBakCyaPAX737/F3qqHpkorgGRHM="],"block_size":4096,"path":"images/flags/bs.png"},{"block_hashes":["xkzdWVtEhFAR11uspb2Ens6uFzoSTyquWgqM4ETEl5Y=","liW4HU0hAzAGgPAVx7dMuTLs/adkAMdNSdCE9CJGpqU="],"block_size":4096,"path":"images/flags/bt.png"},{"block_hashes":["yO1z/IWexbze6lo5yxdITG4Mk8c76qqsrdyIzlyO744="],"block_size":4096,"path":"images/flags/bv.png"},{"block_hashes":["FTKAvAYYWiuQVIDfHyCTAJkt6RO/Cz7GzIwlseR8OIs="],"block_size":4096,"path":"images/flags/bw.png"},{"block_hashes":["ld0LmP//DFgrbQLup1ma6M+j5NJaH20c55AB2aEZQvM="],"block_size":4096,"path":"images/flags/by.png"},{"block_hashes":["wGMmti5n8s1BVFVrZBUeTDgxlp8T7KffDRsG/Vdhq4k=","z56MKT8mE7yik6+k9j5D9QqkKBG/tuh49hZLK6ScQV4="],"block_size":4096,"path":"images/flags/bz.png"},{"block_hashes":["Oj6J7BoHUbcPXfWtkvi0JmuJOgXSEvMgnYBiMMpbBvo="],"block_size":4096,"path":"images/flags/ca.png"},{"block_hashes":["x0QBWPOoO5IEZdt3dyZxf2mlbvNPIn+yeaO1rR1CNVc="],"block_size":4096,"path":"images/flags/cc.png"},{"block_hashes":["i+6H1fPkW6mVtyGBCR3bYUGQ8IYE0RGi9++tTZ0yZbw="],"block_size":4096,"path":"images/flags/cd.png"},{"block_hashes":["8mA22IRGggG3hgeU6SwfNx14LLMl/bL/jwsoW7BtyHQ="],"block_size":4096,"path":"images/flags/cf.png"},{"block_hashes":["OTo0QcR7zoj4nv6ZOhye4Mdu9Nj8/ZmHue1fgwPsnEg="],"block_size":4096,"path":"images/flags/cg.png"},{"block_hashes":["p5/etX1YSoyuOYLHRXj1lr8LLUHQnd/HdE4tV+V6LuI="],"block_size":4096,"path":"images/flags/ch.png"},{"block_hashes":["E18E3u3/BjUfpHyCzLNFn8/i0+4ad3uhK7i5foMnKhA="],"block_size":4096,"path":"images/flags/ci.png"},{"block_hashes":["NoP0F2YrwEh53pbc2RtsqXws+1bpEYOI5dUl5b5uICc="],"block_size":4096,"path":"images/flags/ck.png"},{"block_hashes":["yDwwAsdJsdX1V0RVewlVC4S6vf2qMLAhX9LsDNWSwvY="],"block_size":4096,"path":"images/flags/cl.png"},{"block_hashes":["+rYwFG2bTLzEwxViC6iBUEb0eI+nXREUep9uXJ3TcwI="],"block_size":4096,"path":"images/flags/cm.png"},{"block_hashes":["3NE0dbFOhCCbtSiK5uEkrnx756F80Pzyuo7F4vwtg74="],"block_size":4096,"path":"images/flags/cn.png"},{"block_hashes":["6ITyaNtZCnJb6AFNvfwma5ySeFavYzcrbUD2CX1cAjY="],"block_size":4096,"path":"images/flags/co.png"},{"block_hashes":["nsLS1pvCEj/fEes/QwyUXDf3PUGBCW/I5P6oaEM+ISY="],"block_size":4096,"path":"images/flags/cr.png"},{"block_hashes":["k5cRvdIA3nJokiwM8hmdFU+1cJXyUi7Ze3ug3liz3T8="],"block_size":4096,"path":"images/flags/cu.png"},{"block_hashes":["jJXkOAY7+DCHXXf+1hR4XEuc5z8F/bhqdv86j5VBIpY="],"block_size":4096,"path":"images/flags/cv.png"},{"block_hashes":["2CCIpaPL2thSzp/YVKLHcu7tkXwNllTpCJoE4/Ybd/w="],"block_size":4096,"path":"images/flags/cw.png"},{"block_hashes":["VT4CWypcFXJeaGkS2dL2GaORD2Re6MEapPAgUL8q9cw="],"block_size":4096,"path":"images/flags/cx.png"},{"block_hashes":["ZGSw4s6y2KW4ZeXjj0gnQ0bi5pEc07jfGQKK8xSH3cQ="],"block_size":4096,"path":"images/flags/cy.png"},{"block_hashes":["f0hZYPzWDlflI+l2ff+DfEMXEUOLkicMwNLrsNFYaFI="],"block_size":4096,"path":"images/flags/cz.png"},{"block_hashes":["PaF7oIExemDgFqmOLmsXQC+M7zEbYsRNPdYc+DNjvFY="],"block_size":4096,"path":"images/flags/de.png"},{"block_hashes":["2VIyPJLMl1Su7ng5deKTtWUF0UX/TVoO78uTnBbAuDQ="],"block_size":4096,"path":"images/flags/def1.png"},{"block_hashes":["Im6tFGMVjOJc5egZLL54el+oIhhD5qZYE5JxEJqaNT4="],"block_size":4096,"path":"images/flags/def2.png"},{"block_hashes":["FCiF5U7U/mwLUtQgrEm5WAWkyJY+ocQx/4X8/Txj7A4="],"block_size":4096,"path":"images/flags/dj.png"},{"block_hashes":["iGKPHcKNj4yDi9VgrBgWaCyCkN110kVeKHdINOuEbuI="],"block_size":4096,"path":"images/flags/dk.png"},{"block_hashes":["TQZNpcmS1FzOV0+Il7hivQ/qBPl9kjUSH3FAoYGnJBg="],"block_size":4096,"path":"images/flags/dm.png"},{"block_hashes":["VSk5+1aMedVCN4IXEQeTmlwRFjV4szFn6r8E+GAb908="],"block_size":4096,"path":"images/flags/do.png"},{"block_hashes":["MOVkRSDesOYciSS26Fbipm5E6zA6JXAOeRCFCn3ji9o="],"block_size":4096,"path":"images/flags/dz.png"},{"block_hashes":["2yciBSCH8FGlJ3Ya5Nsf9ZVDFEJ5ye4t+nIvJbPFVXs="],"block_size":4096,"path":"images/flags/ec.png"},{"block_hashes":["vXnBIxNl7t+51M2mMGpMlh/WrZrXvAVJMZmSUTbEmtk="],"block_size":4096,"path":"images/flags/ee.png"},{"block_hashes":["5DCv1xZ0jaoSHHi9gHLq9awVPoLLdtXCo2gWqANz0V8="],"block_size":4096,"path":"images/flags/eg.png"},{"block_hashes":["ZW+gSkeF3mLE5YngPmiuygLViJ6Hhmj+A0nnO8RPYjA="],"block_size":4096,"path":"images/flags/er.png"},{"block_hashes":["HRp4YGR4vlq/soXhogEaa8jEtwjbUsf3IFIQoam7rgs="],"block_size":4096,"path":"images/flags/es.png"},{"block_hashes":["D97mrbBk5GCamdPTzHk2KEGFIdsP+XMjrJy+/nCOPKM="],"block_size":4096,"path":"images/flags/et.png"},{"block_hashes":["rIaRlaK+BmbDPdeDGA+0hW8R7fRZcEaDRDkG4HJcsrs="],"block_size":4096,"path":"images/flags/fi.png"},{"block_hashes":["lMi5Rl8wsEo2M9BhxA7u6L+06/n9ygd4TH/Xn6eJZJY="],"block_size":4096,"path":"images/flags/fj.png"},{"block_hashes":["dWLR3m19fSqVhZjlptHTOgimsAAH3l4clCMJPR7+r04=","pEGWlCkcuFg7NgF9gfBMkHatClSmAiPO39BPreJvSzI="],"block_size":4096,"path":"images/flags/fk.png"},{"block_hashes":["68bWSp3HgoxkgQ+hcthPdkJ3SWRsbWpD3XQEybAKdX0="],"block_size":4096,"path":"images/flags/fm.png"},{"block_hashes":["z/tsprkAVIfntn/l7te66yka8wn7SO+0R4TP0qJAFZY="],"block_size":4096,"path":"images/flags/fo.png"},{"block_hashes":["AkHd0suuf9z4tVAG1pde8UylfHrVmoWTD43j/wUHMYg="],"block_size":4096,"path":"images/flags/fr.png"},{"block_hashes":["pLK0gaZ/L7Cw9qkF4701Mat9AQQfKWrjE4g1ynrUp+M="],"block_size":4096,"path":"images/flags/ga.png"},{"block_hashes":["W7M/Q+r3n0k2FVqQK12bFiC2IyIz6+0eTwPOVKQrR/A="],"block_size":4096,"path":"images/flags/gb.png"},{"block_hashes":["q78IZL0GYCTRIWEhtBFUFa64YOgsb8+nTIsUGsqP684="],"block_size":4096,"path":"images/flags/gd.png"},{"block_hashes":["g6r4ruYIT8qgK4omqp8tLMPYuu85tiQFVNawZ5qJ88Y="],"block_size":4096,"path":"images/flags/ge.png"},{"block_hashes":["fvZpRhi/hDqAvBMccISs858suHHBz5TxOxvpVoor77M="],"block_size":4096,"path":"images/flags/gf.png"},{"block_hashes":["Ck1A8os2t4OU85SJwjUslPRmwook+um8/OZm0GunTuk="],"block_size":4096,"path":"images/flags/gg.png"},{"block_hashes":["1fJeccC4GqVoU5/KiaHX85rEKmhQhdze4rtgD1fr49U="],"block_size":4096,"path":"images/flags/gh.png"},{"block_hashes":["Pmt/5DKR3smDgyzbJw2phZep9KGbttENN/pZ9AlYIbY="],"block_size":4096,"path":"images/flags/gi.png"},{"block_hashes":["oGBbTNVAkgekrVovoRkQA7Xbt6UYfAcp13EZkTKXDeg="],"block_size":4096,"path":"images/flags/gl.png"},{"block_hashes":["OcO6PIhGW2xLnYJxfXGLEKLTpxfaG0a4fyluXsjEGV8="],"block_size":4096,"path":"images/flags/gm.png"},{"block_hashes":["c9ZppNQsm4VL4ZlWbO+eqTObyfRn00D4Uo++9NKKOaw="],"block_size":4096,"path":"images/flags/gn.png"},{"block_hashes":["XkduSorV2gPZDMkMj8juAnejN110wDhCDiN1OYT0kzc="],"block_size":4096,"path":"images/flags/gp.png"},{"block_hashes":["P2dPKE8tfTVyLX6269K2HyPw7uDLZTmT+ZPcu/VFS6s="],"block_size":4096,"path":"images/flags/gq.png"},{"block_hashes":["kBET+FwEim4qx1DD4whHySbHKVzi11Sid3m9i5jYoF4="],"block_size":4096,"path":"images/flags/gr.png"},{"block_hashes":["v+Fch/mRpTYt5HnJNFpWL3TUy7jZXycQabTxA7IhmJ4="],"block_size":4096,"path":"images/flags/gs.png"},{"block_hashes":["hF4foYD+EW50Kzi/J8PQ/LDQEjAkIi9fVNmRboH4BcA="],"block_size":4096,"path":"images/flags/gt.png"},{"block_hashes":["0ffszNLZ3a2M+g12PwduH0oH6bSIbQnNC7mTzUib1c8="],"block_size":4096,"path":"images/flags/gu.png"},{"block_hashes":["80ea0WyC1GY3zLGUEzFhmEYMH8EmENy95mV35TV3bpU="],"block_size":4096,"path":"images/flags/gw.png"},{"block_hashes":["zIPSs9QCysn44IcpnJPRsO7ckSHdly731NX+0YW/0VE="],"block_size":4096,"path":"images/flags/gy.png"},{"block_hashes":["vHgUUp1Ub6lJlZt6tUUobv2/ioiYBhi37vldpKeYA6g="],"block_size":4096,"path":"images/flags/hk.png"},{"block_hashes":["BbOYHPWls6Hm/JR6FEcOrlAMrtwf5xDY3Q30v49DJo8="],"block_size":4096,"path":"images/flags/hn.png"},{"block_hashes":["7WI3G80D4u7WhwiwZykcvVQURwpBGK0ap6cOLz+pT9o="],"block_size":4096,"path":"images/flags/hr.png"},{"block_hashes":["kw914uUpSHHSI/Uvy59ep4RenUP2/nGCiQyi+kEoDdQ="],"block_size":4096,"path":"images/flags/ht.png"},{"block_hashes":["JdINcnsaJQcXGFgWnA3PqdG7vTYxo1vTcxNs52X8isM="],"block_size":4096,"path":"images/flags/hu.png"},{"block_hashes":["+a6XTy+QpYY+WHAEMu+vWdykdUw9Y8xko4LBzoE7FNw="],"block_size":4096,"path":"images/flags/id.png"},{"block_hashes":["UMu83XJ2UZoYE1xqEZgI1qQq+i9CQqbYDBcgL6UsQQw="],"block_size":4096,"path":"images/flags/ie.png"},{"block_hashes":["dXurFGwt2cbn4yb6bI8KuNOSrOiYM6LqlmTterpDjbw="],"block_size":4096,"path":"images/flags/il.png"},{"block_hashes":["Aro7Bs8lD5rmakG0DYOxylxvtjEOeGt9uD+NhwwyjlU="],"block_size":4096,"path":"images/flags/im.png"},{"block_hashes":["aC4Ix0KsiVjIDm6tyshP/cEsgkp3nGWpa/wEW8YW5VI="],"block_size":4096,"path":"images/flags/in.png"},{"block_hashes":["eX46hZnDB5Q+znUCaLv0RMHCq7uadZ2sPUuBjb4p6Jo=","cfzFXzNQFu1UXOENeghxsx+WExorWPf+b+mr7uUJL0I="],"block_size":4096,"path":"images/flags/io.png"},{"block_hashes":["+8LycYSAPJpYD4bSL/AAARwy/C0OZ71A296EfqmCSQ0="],"block_size":4096,"path":"images/flags/iq.png"},{"block_hashes":["pcBQN3tiAf+gN0SCa5yRZGpOyYPaR5gC1egeORvVvkY="],"block_size":4096,"path":"images/flags/ir.png"},{"block_hashes":["ildZ1TRtohU/uzNllTVtxp98me17omxfTT0puCwty8k="],"block_size":4096,"path":"images/flags/is.png"},{"block_hashes":["URs32UdycQ6AC+W6ATm3hUi8GEJ94VPfHj+FmBijiVk="],"block_size":4096,"path":"images/flags/it.png"},{"block_hashes":["cQce7ML85cMQZMXNH/F1Llvx34zwJkupXVFzZkW4RQs=","snxvr4BSMLSAhr/URcSjsMAeGYkgAfSvDIKi/E4Fs9U="],"block_size":4096,"path":"images/flags/je.png"},{"block_hashes":["m8b0kIC5WIT22zx0It2UfThciqne63npf1CSRidsSkM="],"block_size":4096,"path":"images/flags/jm.png"},{"block_hashes":["3nkavypNSI3jm1aEAwaE2Zpckkopsa5LQVaBBS/z+E4="],"block_size":4096,"path":"images/flags/jo.png"},{"block_hashes":["Z7jILlcQ7sTtr1+8QwhbLF865OLLEhsG28Gw52trOAQ="],"block_size":4096,"path":"images/flags/jp.png"},{"block_hashes":["Eui1ffO31mOltDvfTOl0f20AAIi9iGP7NfL4kjWXyZ8="],"block_size":4096,"path":"images/flags/ke.png"},{"block_hashes":["4ZwDbRU3zPBZnFeqgJwnX9si3615eKkHMaGuQgAFCxE="],"block_size":4096,"path":"images/flags/kg.png"},{"block_hashes":["0YP9q41gHYr97dPGlP5eU6qL/HPb+KL5hrEFGCEx0fU="],"block_size":4096,"path":"images/flags/kh.png"},{"block_hashes":["JcXPVXDJ65fHbKkbnJ/NkX8zbyyqKoZ9JlZCP6GbdRE=","uTCHhL8yjECh3kdcJhRjhHOdg9vsNXfHB+R5+XEW/bs="],"block_size":4096,"path":"images/flags/ki.png"},{"block_hashes":["Z0/UHjhqo901VGhR2j3gTd9eE626C5TUOQhEPYLImKU="],"block_size":4096,"path":"images/flags/km.png"},{"block_hashes":["wx4oWJhRhaM2DVDhRga4E1Na++kpR/MZOZhf8gIXb/k=","axGwiEL6TSc2flPkX/K5OHu97YDKGL4Ota0iagjwHGU="],"block_size":4096,"path":"images/flags/kn.png"},{"block_hashes":["x961IRY4+008BbCz0nyZE/tJTQ3RyYubGElmQ8dw+Mc="],"block_size":4096,"path":"images/flags/kp.png"},{"block_hashes":["YHLdNXZqFZcN84z3VLFZndC6L+TxNPmElxS9vj9Mq0I=","H8Iw1Zo52DJLfZPTP54UW+Q7mTV62627Zc2NhUJ4ZLU="],"block_size":4096,"path":"images/flags/kr.png"},{"block_hashes":["TKiFO5GeIgtdSCbxzi4zlOK3XgH+fh+L1ZShT6xXMzg="],"block_size":4096,"path":"images/flags/kw.png"},{"block_hashes":["ZNzLTgXaThLafZb7bLChkGZbfcoN6yaUy6oXsQwip1s="],"block_size":4096,"path":"images/flags/ky.png"},{"block_hashes":["x+G3PyiF8MrUd734l/AmnQG0jwzxRmUJQbue2ElNUv4="],"block_size":4096,"path":"images/flags/kz.png"},{"block_hashes":["c42/3Egy0/eGpLMnVhVH/F+EbjSHkF9uIQDdgDEfv20="],"block_size":4096,"path":"images/flags/la.png"},{"block_hashes":["uO44ZtRwfjVwKzGECHJogigKiwlPXC33N9b8ZZMJDE8="],"block_size":4096,"path":"images/flags/lb.png"},{"block_hashes":["sHAGNAEiQd5pEIiG5daY9SGiOVt4pw2iYFOxSQKWcUI="],"block_size":4096,"path":"images/flags/lc.png"},{"block_hashes":["KNnQ97Q99K0RFR1EDGb3cnSUXLlqKaSN+kXhti4r6y8="],"block_size":4096,"path":"images/flags/li.png"},{"block_hashes":["elSogRkf211kBtA567AIbXDsP4vuYY4fNsPW5Plp7vw="],"block_size":4096,"path":"images/flags/lk.png"},{"block_hashes":["+OmUWyMlWPOZFGLwY4IiwZjrJUaxwzEvXe9IxBW1+Hs="],"block_size":4096,"path":"images/flags/lr.png"},{"block_hashes":["NpKspq9gV3rRQmckT51k9WKq13q64HLvZrTF68eKcuc="],"block_size":4096,"path":"images/flags/ls.png"},{"block_hashes":["dIzGG2GtJyyTkSxA1K09ZhJYrM9yqRrVYM7MNvXt104="],"block_size":4096,"path":"images/flags/lt.png"},{"block_hashes":["Lp+KR5i2SgNWwCczLT19veodeaNncMYom5fqfWD45Dc="],"block_size":4096,"path":"images/flags/lu.png"},{"block_hashes":["Hzft+UlMYILQjtyFkKjmZjgw13JjmX7kB4OQE7y5hic="],"block_size":4096,"path":"images/flags/lv.png"},{"block_hashes":["Uf/e7A7ABR65kKsuVKDUa7zc2pkd+Q+IEEFjILDCIuM="],"block_size":4096,"path":"images/flags/ly.png"},{"block_hashes":["p7EcRJk/wXLTxQ1jtGk9rqAVttNahUdkn6VAaTVHbrM="],"block_size":4096,"path":"images/flags/ma.png"},{"block_hashes":["yZIgZfT83cilLbwkdywrtGZCocr98ia3fvaf3lQLMYQ="],"block_size":4096,"path":"images/flags/mc.png"},{"block_hashes":["WKnRiJlp+BMRmuvuUE/K4jQP4iD52Uke1qs4q/O4lRk="],"block_size":4096,"path":"images/flags/md.png"},{"block_hashes":["5r11q4ufZ/YkuPuGhpVPd4yt9QAU/dTjaSeYTsMUsYk="],"block_size":4096,"path":"images/flags/me.png"},{"block_hashes":["1/fxhJPP2WGg/kLiAqTliUY18gXCnn0dRnrs4toTzpM="],"block_size":4096,"path":"images/flags/mg.png"},{"block_hashes":["Ggi4YTeyxqAe01XY1L9b4+OAiuuT5KgVsowNfmZT7Ts=","lXYmsvrtf4j7YjCXV3L5McFwMLnd2q+xlaFM1gtfW+w="],"block_size":4096,"path":"images/flags/mh.png"},{"block_hashes":["hK3m6Y8MED88YmFKQCFqSsg5cxnoCsKjiKszhFwqyfA="],"block_size":4096,"path":"images/flags/mk.png"},{"block_hashes":["nuW7MBAYnTCfGi1yCxDVH8X3NsX6SLPZEqGVwR+6iS8="],"block_size":4096,"path":"images/flags/ml.png"},{"block_hashes":["Y1q0Rigk2YYyXl9Ub9HdJnvcuP7z12r6nI2PXBCw4iU="],"block_size":4096,"path":"images/flags/mm.png"},{"block_hashes":["feOARic1R4kg6fWhsiyKFdEHH69RsWNsHqMrer45an4="],"block_size":4096,"path":"images/flags/mn.png"},{"block_hashes":["quuA6JK54jCZ1FT9YggG09EyZ8wZoCmeY/Wa3yPpBk0="],"block_size":4096,"path":"images/flags/mo.png"},{"block_hashes":["47/sfGumF6W1K02jjW2OVgMM95bsxVZ3te6KOGseR0k=","KMPeYADFEppAJLhWJ6BMc0r3Z1KNa88RjIpuINmT4T4="],"block_size":4096,"path":"images/flags/mp.png"},{"block_hashes":["FZxzGSqaGfB/eK04O6wMz6r3URZ5oxvg6UVeTRHVLqE="],"block_size":4096,"path":"images/flags/mq.png"},{"block_hashes":["IaOcJ7lKGNKHi7J/blVIbxe0DHZ/biNcABC24vyc/V8="],"block_size":4096,"path":"images/flags/mr.png"},{"block_hashes":["KVr9TsbbwTvbZvderMBrklt8KJCNa/vgZTNqYKgCC0g="],"block_size":4096,"path":"images/flags/ms.png"},{"block_hashes":["InkDOXQNtOogK3pq6HIbx7270h0a1uM0HPqzRqu034Q="],"block_size":4096,"path":"images/flags/mt.png"},{"block_hashes":["U/cp9fbV6cXjyL+7P+Z7sYRt7vpwm0HdXIcLezmu+qw="],"block_size":4096,"path":"images/flags/mu.png"},{"block_hashes":["D/nW3AnCQynY7u03/Rew5/PHm9nTOPwR7nqWv3ns7Mg="],"block_size":4096,"path":"images/flags/mv.png"},{"block_hashes":["c4SubPUm14dDWDFF+loh+Qk106r0NzFTvROi5fHCsuk="],"block_size":4096,"path":"images/flags/mw.png"},{"block_hashes":["rukVrNowpVib2x/s3+VR4f2QkHKv242goPA7mxvNOjM="],"block_size":4096,"path":"images/flags/mx.png"},{"block_hashes":["2cAE/WAJo32mhGei7asWEnejz0kokKrP1iZ+siOLzBk="],"block_size":4096,"path":"images/flags/my.png"},{"block_hashes":["NzJh/mpzkLh34qFGRHNI3AD1bZa4XQUhosnK1wCzIFA="],"block_size":4096,"path":"images/flags/mz.png"},{"block_hashes":["Si7C71Wl4umppIfG9mi3H39iTszglBJrskNvk3/TfbY=","yRhb+BOkjxgFsixEoejymca3/VxZYHzZRKGAjv3o6qM="],"block_size":4096,"path":"images/flags/na.png"},{"block_hashes":["TMaBcscMwRp2n7v2hi632jzuR0e3eqYbQ5VcSvBMavU="],"block_size":4096,"path":"images/flags/nc.png"},{"block_hashes":["VOhCAdaiCNKpQVQ2YaDpFHWYYXKAYOMPCpefT7Wxd9U="],"block_size":4096,"path":"images/flags/ne.png"},{"block_hashes":["xay1+l/pFn7JVkcbjQkcPlJDcJ2GX5fclFxDC582BAo="],"block_size":4096,"path":"images/flags/nf.png"},{"block_hashes":["7tht8m0lXSZqBtSNjSRr0+yp2KDdLOGnYioPoxF3mQU="],"block_size":4096,"path":"images/flags/ng.png"},{"block_hashes":["1SKGfKCHRkmtGizLmkzyMzIXk74nJwra+EgbFrFg1hU="],"block_size":4096,"path":"images/flags/ni.png"},{"block_hashes":["8463k657iBnlUhOfXS8i6G4zqvcfQG+8Hxx+jozg3qI="],"block_size":4096,"path":"images/flags/nl.png"},{"block_hashes":["0gowg9SZuqdGpy5Qtg2V4Nxk7mMq2s0rRKb8VPDah3w="],"block_size":4096,"path":"images/flags/no.png"},{"block_hashes":["PNq1A5kAkjd6Q9KQ7+DoMFwa0QEtW/8TupCG7OxyNqo="],"block_size":4096,"path":"images/flags/np.png"},{"block_hashes":["YdeLrNCU5mkhzfmt9ab0+3olNW6k9HMRgttn2h+ynKY="],"block_size":4096,"path":"images/flags/nr.png"},{"block_hashes":["yq/GjvYjv5XhETDDwmMISpB5q5Lh76Pli7mljb2HIDY="],"block_size":4096,"path":"images/flags/nu.png"},{"block_hashes":["ne7pqPlv+iKcMCerZMax1Q72RcJWyaVkiMM5hCHFbvU="],"block_size":4096,"path":"images/flags/nz.png"},{"block_hashes":["ciHIQrTRT4IOJJNPZPBfuaMXHGL9yW1JK42dYim9D4Y="],"block_size":4096,"path":"images/flags/om.png"},{"block_hashes":["H6bVH1pj9brdnxFsoHWDJ+Yaa+sM2hfX5yw3AKw9gA4="],"block_size":4096,"path":"images/flags/pa.png"},{"block_hashes":["7uRMBI/4ZMhARylC/xeWpwXP4AafBT8G2BRJoxGnBDw="],"block_size":4096,"path":"images/flags/pe.png"},{"block_hashes":["N0rO0P12OwUbvSSs0yEN4PoSYRBXTy9gKKg2SKCXGNs="],"block_size":4096,"path":"images/flags/pf.png"},{"block_hashes":["6bCcdHd/t8BAnhUxXX4JD2WECH6P6mDtZLsgPuAMgH0="],"block_size":4096,"path":"images/flags/pg.png"},{"block_hashes":["E14+b5chF0K8FrPm8P3asYNQ+WBG1vio2a7Yo/V7L5A="],"block_size":4096,"path":"images/flags/ph.png"},{"block_hashes":["73C1Y4pAdOCeBFevygWhf7fjzr/4GfG+AwFnbFJw2R0="],"block_size":4096,"path":"images/flags/pk.png"},{"block_hashes":["hfqpWhPrJp08m0Vp0ag4MC6H4axX11PiLj1N6iNKZcA="],"block_size":4096,"path":"images/flags/pl.png"},{"block_hashes":["WR6hw/1lLNJDuIKfivUm1LsgbVz42hV+93niAIuGGcs=","tKrScE2rkTM93yNzciQ0EJGpbwcoDVNg2lrVYrE4H84="],"block_size":4096,"path":"images/flags/pm.png"},{"block_hashes":["GMRNuKNUTiIrRdGLiqh/OCU/kX7pBrEI5fnX1I8qdSg="],"block_size":4096,"path":"images/flags/pn.png"},{"block_hashes":["SLv/lNZktjKOc6N38fLwhCseBWsObqRlrZUZs7yJr7o="],"block_size":4096,"path":"images/flags/pr.png"},{"block_hashes":["6JlGs2J7dIFBgS7v+ZAindIlpVXjrZ8ykca2wu1ChGs="],"block_size":4096,"path":"images/flags/ps.png"},{"block_hashes":["FnBdb5IMmEZ/33uay8FnLiz79SN1rkBK0AEZQahGKYg="],"block_size":4096,"path":"images/flags/pt.png"},{"block_hashes":["+GxvY6L7ifuR3YXelwMXVMRUhcur90fUSySOsaGjIbo="],"block_size":4096,"path":"images/flags/pw.png"},{"block_hashes":["2gk/rDjYbuV7zSi08Y3xpDkUafrC4QNvtZjsh6BH0dQ="],"block_size":4096,"path":"images/flags/py.png"},{"block_hashes":["wv48zZElAsRHDeR8q37F5ZaIOgiptDrIQCcmQBh4KVs="],"block_size":4096,"path":"images/flags/qa.png"},{"block_hashes":["XkduSorV2gPZDMkMj8juAnejN110wDhCDiN1OYT0kzc="],"block_size":4096,"path":"images/flags/re.png"},{"block_hashes":["srcdDGPPBgREK5tfqFRaVSZm0Jam6ZYKspd8oRCAxp0="],"block_size":4096,"path":"images/flags/ro.png"},{"block_hashes":["tHPYvrQrZhi4zMYOgs6g3B4LRhdoqFhzgg7/BrgjbZc="],"block_size":4096,"path":"images/flags/rs.png"},{"block_hashes":["nkrblghfkT2UrsG8A2q5y7sszIz+EpVvHMGalmCsVXk="],"block_size":4096,"path":"images/flags/ru.png"},{"block_hashes":["EKaPMrTCeWPnXN1XDZoI1EEGtqHiYYJj0pSvgEBeaKE="],"block_size":4096,"path":"images/flags/rw.png"},{"block_hashes":["A+Zr/jXQXrqGJN23JgBvcWvTsqd+EB3XKBVAHjC7gZw="],"block_size":4096,"path":"images/flags/sa.png"},{"block_hashes":["CsQ23IC9a8iwW6B75F7Ru7ktDOnL4RTBsLak2Z9uL8U="],"block_size":4096,"path":"images/flags/sb.png"},{"block_hashes":["reyyZnKKtfn0eACxsXCmzS6kiKXVY7avMZuuHbrwoHI="],"block_size":4096,"path":"images/flags/sc.png"},{"block_hashes":["0AwD0rBT5eF6DQukbY0YA/2AS+f9peaY68JMRHD/SRE="],"block_size":4096,"path":"images/flags/sd.png"},{"block_hashes":["yblQLhIAn637qMSheryAqA2GzgwcdXNs/6YUdDTD58U="],"block_size":4096,"path":"images/flags/se.png"},{"block_hashes":["WyJw5dKYfzGtcqADk9A49DpTluv4elNQH4Nmq1KX+es="],"block_size":4096,"path":"images/flags/sg.png"},{"block_hashes":["2H9gGhNZAbL29VPfbOVnoyev97FqEqx0VYlprcYNg0o="],"block_size":4096,"path":"images/flags/sh.png"},{"block_hashes":["8XOvqauQrbyErWrE8v/Ql54GSKovznNjmHlfeDz0Lxw="],"block_size":4096,"path":"images/flags/si.png"},{"block_hashes":["eVCQieIUf2hG/ZkB5mXIyZqHUwRoONQJw1m2YFgc7dI="],"block_size":4096,"path":"images/flags/sk.png"},{"block_hashes":["CWN+4vJO7Hj0TU0fyqLOW/QCVVG7VUsCc4VS1fCPebQ="],"block_size":4096,"path":"images/flags/sl.png"},{"block_hashes":["DEmgi+krmFTAv77Ku0jnmzMI9+/pwPRwMikg3zupPhA="],"block_size":4096,"path":"images/flags/sm.png"},{"block_hashes":["bWODm63jZS5wf2Tl4A1P00XHCedSOcxZLtaui49+1QA="],"block_size":4096,"path":"images/flags/sn.png"},{"block_hashes":["UO1CrsBgQDsYlgslrKOjt9NFKzh1HuKCJ90C6+tvVfw="],"block_size":4096,"path":"images/flags/so.png"},{"block_hashes":["V+UL6KOBYOm20YqI6brGh1+qyNrP3haAK5h3eUgzbDM="],"block_size":4096,"path":"images/flags/sp.png"},{"block_hashes":["mtbl1tXPx40VGZMZcxJ87grrTa+H3Aa6/kQATgrs1Cc="],"block_size":4096,"path":"images/flags/sr.png"},{"block_hashes":["KqJWUFJHkf+A1bqw2Rc00WeJrbzPvPNmpoRAL7BAF1w="],"block_size":4096,"path":"images/flags/ss.png"},{"block_hashes":["DsXNCZSTVuKhNRB75mErVGtLaLomj5uqmDcQ2j1dkPs="],"block_size":4096,"path":"images/flags/st.png"},{"block_hashes":["+/qOGBis/OaNhjJVGiTcevGk/k6lsFh4jCcZ0foG5vE="],"block_size":4096,"path":"images/flags/sv.png"},{"block_hashes":["VF6yQXPL400iASsfwmr/eUColRlEK+X6LheoEnGVIQY="],"block_size":4096,"path":"images/flags/sx.png"},{"block_hashes":["Zec73T5kWt+pH/IuvCtOztIZNFolSCWTxf13FOD7BkE="],"block_size":4096,"path":"images/flags/sy.png"},{"block_hashes":["CQoa9/JOm9oWYNyIAlhZA7oCtKELrMZCdnzvHlcEnAA="],"block_size":4096,"path":"images/flags/sz.png"},{"block_hashes":["RWLv0Ca/OkWcFrBZfNk3LvRpAKJP/OVblyNfxCDxerI="],"block_size":4096,"path":"images/flags/tc.png"},{"block_hashes":["1KbFuH2gv6Td3TRHWE92hmyNHTdpWV7CsDz9xlqNBno="],"block_size":4096,"path":"images/flags/td.png"},{"block_hashes":["/dYuh1sJwbimfbmTlzC9oYs3LBEZXRducwunjDijxjA="],"block_size":4096,"path":"images/flags/tf.png"},{"block_hashes":["Syxs1spueHWMRAImwzS2OcOOfpW+kJPH89dvzet+WvI="],"block_size":4096,"path":"images/flags/tg.png"},{"block_hashes":["rJ4PaZMxtC+9WHroXDv942nXoWTzinHS9T+ULXjmdig="],"block_size":4096,"path":"images/flags/th.png"},{"block_hashes":["9MeYjHQu/ZhqDNc2shvOnGzis54274g04xswHxivCUI="],"block_size":4096,"path":"images/flags/tj.png"},{"block_hashes":["RmEIIBdjN7ipg/QrvgqiqBUOeaCWN2suYlFQ5UTCHek="],"block_size":4096,"path":"images/flags/tk.png"},{"block_hashes":["QceMtyxHH9p8GQjkOpd7UX6ur5fPsCuuEkSPMP9H0rc="],"block_size":4096,"path":"images/flags/tl.png"},{"block_hashes":["mouJRB4yO9KTVyyD1Dj3oLuhuUSmyaJrlxGdSZnGfMM=","/2M7CL9YJFgHoSoCKhWPYyzPQ+ZF1M3IeWRJKHmFYzQ="],"block_size":4096,"path":"images/flags/tm.png"},{"block_hashes":["P60pounEmFWVegbcFwu7/5v/M7W8zPkZfAxvuYGgPoM="],"block_size":4096,"path":"images/flags/tn.png"},{"block_hashes":["3wnlqY24xWVq0VyqhIQCmjgBUwgJOvgMt3H+izy/myI="],"block_size":4096,"path":"images/flags/to.png"},{"block_hashes":["JzzPCDhJPUxTGjMLQAuv0/z/NAlObfbTSA9NoJCRiuk="],"block_size":4096,"path":"images/flags/tr.png"},{"block_hashes":["FM09m5bKFjrFngrvOZ2kUU008jZT0KBbxFkrv8UtTSU=","0P1FcNWuB7dyezD+B/pap9jzPEQiVUwTCrQ0rXDRgJo="],"block_size":4096,"path":"images/flags/tt.png"},{"block_hashes":["XToNS6Dr5rQHnydz2fiaGIVLFEwIw85ogto6AFJmioY=","GpW7Q2dEOQ0gD7zb91ImdFxJYLBG78uYvf9vfETtadU="],"block_size":4096,"path":"images/flags/tv.png"},{"block_hashes":["+8gK3clg5CqLgORbbVvD4q8J45EQtSBnOL+JqcgxRWU="],"block_size":4096,"path":"images/flags/tw.png"},{"block_hashes":["bYxOODyQPtp4FK4J1QqbNULLPt8j+DTMEe4rLFQT3tg=","itDfEnzo4nPatvljRGTU+OQxUre7LerWqeBNdI2W168="],"block_size":4096,"path":"images/flags/tz.png"},{"block_hashes":["uauCMzxXQP3omWj5g/fSqL1ijGLgSs6xH/Zr7Hlk03E="],"block_size":4096,"path":"images/flags/ua.png"},{"block_hashes":["zsfqaPndmslgzkaTZQaPw+S4FryYY6s7tiBr7VBMGhY="],"block_size":4096,"path":"images/flags/ug.png"},{"block_hashes":["Vn1SNgMpm3T9zikJ2DdgNs3IEoC49WL9AO3QF5WIbgI="],"block_size":4096,"path":"images/flags/um.png"},{"block_hashes":["nT+ijfwL+1QzR5+r4wETxQSFhVAsRyYfmVn4WHA7qcI="],"block_size":4096,"path":"images/flags/us.png"},{"block_hashes":["r+fRjPd7IH4a9qu384mfQA4F3L9VBd64XKWPDDz/kR0="],"block_size":4096,"path":"images/flags/uy.png"},{"block_hashes":["5iB1leUh4Ej449ryz8ga3qUVUZqLWmuwJCGbUOY5OEo="],"block_size":4096,"path":"images/flags/uz.png"},{"block_hashes":["v3Au0VvAUUXveqElP1Godys2weU1zziPMEgX7zqT5q0="],"block_size":4096,"path":"images/flags/va.png"},{"block_hashes":["e/B6J4ZLZWKbOvNGE92qumeDJNttkB5OCsZeYf7O1Fg="],"block_size":4096,"path":"images/flags/vc.png"},{"block_hashes":["AO0s56yZ3h7e/NVuEm0fBCbGdrXIqqLxEK3ohMz91uA="],"block_size":4096,"path":"images/flags/ve.png"},{"block_hashes":["X9KFnqGvyMzFxzN6yzFcH95VwyX3G+K7Fa05Lp7m5s8="],"block_size":4096,"path":"images/flags/vg.png"},{"block_hashes":["pHXmLhNIMNrmZ7+qhjbaNSXq6qUy0Q/kr5sQIn11hls=","eF4ZYF4GaqlDulreyT0OJanXBNIMLnd5bt3uYzJ9OF8="],"block_size":4096,"path":"images/flags/vi.png"},{"block_hashes":["/x6QCUEF4xr0yGHDAHh0PdQifZTIXbJqQYhu2PeqbHs="],"block_size":4096,"path":"images/flags/vn.png"},{"block_hashes":["eLfQ3syjULTXAOrPKTPdNaJFU22nDr0GaLriQqd1O+c=","HeSi4XSUJfvBZNrFzfoWjzW7aGU83AfFhEUQfPrbXj4="],"block_size":4096,"path":"images/flags/vu.png"},{"block_hashes":["2WOUWhP1FQG0/KhaDJcwmxmt5ZRdcIaO1LY7w8YhKU8="],"block_size":4096,"path":"images/flags/wf.png"},{"block_hashes":["OC4oIZd6v0pE3bVb5oFGb+QfIA3fOAXiqsDWIPrQ2RU="],"block_size":4096,"path":"images/flags/ws.png"},{"block_hashes":["/DBVeJMuZqPJleZ054GCaklQb9Eoi2Jfd9NWN3h1jtE="],"block_size":4096,"path":"images/flags/ye.png"},{"block_hashes":["XkduSorV2gPZDMkMj8juAnejN110wDhCDiN1OYT0kzc="],"block_size":4096,"path":"images/flags/yt.png"},{"block_hashes":["Twm2RljRoySDIov3zaXO473RiKULyC4H2i/UMVIU9nI="],"block_size":4096,"path":"images/flags/za.png"},{"block_hashes":["0lUMUSwMrw8ex5Wx6L5ZQATvHJU5xdnr5Jill9dzhDE="],"block_size":4096,"path":"images/flags/zm.png"},{"block_hashes":["GA//IQUOQggazmyjtd5pX7HADs3JokcR020xuK9VJSE="],"block_size":4096,"path":"images/flags/zw.png"},{"block_hashes":["/0yQctsbGyCmrID/s2WMf0+St9ab6CRgByf8MQTLdpI="],"block_size":4096,"path":"images/iplookup.png"},{"block_hashes":["AY8QBh53tWnu+UhFkCz5pTCTiUJTKtLpCDpVGqkzSzE=","ciwhNZdk0PzxA3qfkdtSjlq/G++67pcZJpdnmcbABso=","2hF7baYEffYSxE2ndXy/Cd7ZIOxl773aa3ciKgkwrvU=","zie30nrnV/J+HB93BiGDIT6lDKv06CAJerH2KwDoGd8=","rgaBC+5mQrEH+e4RyVPheQWpThXZ3VJy8Nio5IWzTtU=","vdqMz/+2gZn7rSjsypSPZVxbTjIEISETWKx3Y6p/jTk=","BFsQBR4aZf3IOhUeW/aWKE7hTzilOL/zqMy6jcZQD0U=","N1gB+TbyqXJaCSvl1jzLV9z4qVYULATS9JCAgcDGGg0=","ROmn1Rp/ovFMUIgHwPypSJLsztoXFm+4V9KtLMoefPM=","HpfDh8257JXMORP44b4AF8+akvhm1oP5hk1plmixsaI="],"block_size":4096,"path":"images/loading.gif"},{"block_hashes":["2ourV1ctk1w6E6caOTVrEHzrvmjXiRkK5RFeKy6I7D4="],"block_size":4096,"path":"images/msio-icon.png"},{"block_hashes":["IQZkZcT1+BN275gg7KOexU1i+3w2egfLQZR4Jlex9Ng="],"block_size":4096,"path":"images/onlinesupport.png"},{"block_hashes":["l6xmmYfnKIPw3bFqv0KvOYvKMQPQ+fIHu80OdUnYnnA="],"block_size":4096,"path":"images/pin.png"},{"block_hashes":["a6PAH1PQTs5YlsjfFMNAh3jrIwRgOSmNM0vWRvr6HDA="],"block_size":4096,"path":"images/pl_macosx.png"},{"block_hashes":["timJ0iZt6BvBsOJPWCtFezfnaQXrF4VpB/wZ6BCT1Rk="],"block_size":4096,"path":"images/pl_windows.png"},{"block_hashes":["KvWsVQrhga3SRnyWiPd/1P1bYjrcUKuiN/JlWQ4vLFc="],"block_size":4096,"path":"images/profile.png"},{"block_hashes":["qiCwlqYiSp/PL9Nrx4+WJhB5eOe5vyXmt57H0r7Icms="],"block_size":4096,"path":"images/rating.png"},{"block_hashes":["byHbVQmZtTff/1+Vnbx6ZxTa0ckwGKrXU5IT/LfLAKg="],"block_size":4096,"path":"images/red-eye-off.png"},{"block_hashes":["LtMZA+wY1KB5vajFeZfvwzXvtfBm6tqd+Vmp4dFvILo="],"block_size":4096,"path":"images/red-eye.png"},{"block_hashes":["nSGIciEExKargWrGOtexOyrrHsubs1cqF3/XbBy7on4="],"block_size":4096,"path":"images/secure-icon.png"},{"block_hashes":["ZXjVLLWf1R+TVP1hV0qnabTU+Ej/TcJar9HOnVMU2dA=","d51CaOWk6+vapY8aauZEvYE2j9ZDCNnpnK+7YS8sLDg="],"block_size":4096,"path":"images/setupvpn-150.png"},{"block_hashes":["rmzwvVuWLUus002mge38UjJz6ye6ZdZHD/xoRW5GEx0=","tE5lKz06s5SngdPHEFXNpH+IS+868+cTnbYKfg3PS3w=","PhTIS5yi+2ddROXHoMscz2DSTA9MoWZc5+IG7c1tyzU="],"block_size":4096,"path":"images/setupvpn-250.png"},{"block_hashes":["Iwwxzhh6Q4eHbCY9EMt8MZMp2vszNK9cpkNsJOJ5xjU=","H+jDIyVaXtgOLSu9OE7XZ8YdvRml/hi0yi+hXEEB3tc="],"block_size":4096,"path":"images/setupvpn-48.png"},{"block_hashes":["vFaiqZzWYXQgoOy6T48jmZbokLmDXI8fsCVieHL34Oc="],"block_size":4096,"path":"images/signout.png"},{"block_hashes":["nTIIRgqfS8Ke2jmL+YgaK/maCSDffpnAaHc+s6GA+Yw="],"block_size":4096,"path":"images/speedometer.png"},{"block_hashes":["MVz1iymJymjzws7CcDZzo+005kI4WVwjjt7y4hGchf4=","M+D6W8YUXF6TwarF/I/f+RRUF4O9YKiSOB+pblKuLZs=","sPZAw/l8D1BGNlN10RMLk1yie53BvSmUJjbwjIf0gDM=","NhDXjLdeJj8usUVKOAJvgmvPn3YbRaoYF89CywhmnD0=","HQ+HsgDtGwv9CTlHa8YB2xaD+4EW7s3n4Sfs4yET7O4=","+Z0SeCplr3wF4jjLmqW8QoISt6T5Cq8AfYd5fJdZTtw=","GOJe7k7G7EUbM9HVhfomG71VizLaV+5BCcTchCLq9Sc=","4esuKMRwmiI8cg8EKiyz3aZ+ijJwClpUekG6fkr51no=","nnlCNg2QeoBe0h7EmLPaUJs3cr+e+HpgaKQo+8hLr/o="],"block_size":4096,"path":"images/spinner.gif"},{"block_hashes":["0euQxgu6KAt7AwKZTC1i1IXkG0mGZbPZl8jnRkWTJU0="],"block_size":4096,"path":"images/spinner.svg"},{"block_hashes":["S7a9jvURDjvxK1B3yZ6KZbyxLGS9AgWFubpl30V7rc0="],"block_size":4096,"path":"images/symbol48-permission-error.png"},{"block_hashes":["RzbuL7aimOpvms8bHhrIDFUU+Zex3w4ktV+DjslI7aM="],"block_size":4096,"path":"images/webrtcleakshield-disabled.png"},{"block_hashes":["Vso5tPro3wuFdM7PwTN0gCRjCZskshNUjYZUQOc01KQ="],"block_size":4096,"path":"images/webrtcleakshield.png"},{"block_hashes":["aBXz7ErWnrXiwNMsI8LPcIMGlG3N8VZB8qIc36UeyzQ=","E8cV6UkyVuGT1YYlMtsoW6YUO6J7rNT2fggGjEeggHE=","2ugBYWXurtLJ9OzAsOjou1zC+EfmL9B++XQAMTh7A7g=","lcv6J4qr61rMwpHCEaxjBFRl1MPZkEAucUEJ8/8dDpI=","geVig4IG+CFl4nqGfZj6yeWHDWO+RWdIFLLHtYUFVnc=","OWQyAolB1DQ1Eujcc7LpLdu66aPTFE2LYjLjVrPkA0I=","vxFqIEPDOee+CXMuuU4gJ1lpVkC5pU8vf7yXnnWWmzw=","5eet6mvA/vGAXAoVhtTyNWWSIX0//sGRrAGwtIQpOaQ=","ydT5X8A6A0nP5wxcc4d4ETV+7oj5gZRorm7Sdw2C0To=","s66z4Trl9egqx4HJuuPjZ4JK5xLdHbLcgvdRw+BxfT0=","KmJCQIWEUZ5XD5MtbJ0oOB8YZqlwfVv+u2/sQaGR+O0=","yjyDRnOGvKx2PPTBVZmlimDzcu3dAc8taGof/ivkBo8=","3LpfJTv/jlNYDR6J2c3+iF6nJm8NgizeNX3tTPUuMfc=","Ia8Nsa9Tzi8cKNCj0x5QUvfHyPIlw6yBx9IQ9zznkq0=","s+RIpTmfqw04tNvAxTxof2FzdGEFaFuO6Qbj8sZriT0=","CcUMhek4Ld9nMqR6s/AKOjnahQ8WXwrLZQbW/W5EEFs=","1vSQfw92RjBBSgSCG/2VBYPHdrgZKqYhKxB3AAIKiww=","EVDVq4NymNESWgytLTlXdy1CYGDdc/KbpLUklBMAepw=","O8ia1qF2yJ/nHsS9Htw7QySnj3CdAfV9TMMUPfxVSS0=","w6531W35wlo9ASvbyHpd3hDpyIAegDwzKeXfk1u6YoU=","hRbLbazrf2LzB6wqYB5waVnI+G+6zHLHDi4kEjS8xvY=","mG8CYbhVO5Td0SZ4jBuBsZ2zU2m5pXPhaVp0NT/SXSE=","C4KuiBFqdK2BzIagK07zaGrO+oKSmamBp+R6F05jICA=","G+hOvp2QSjqbDFWrG11FgbxgLTLcX1TEMKcNCX+bXxs=","xsS/ruHpwsoBBnCp7PDgh1q7t8+eyOSc+RzhXUOamwE=","ofBPnUOwmxntnwkByiksNFfZWWrGjWFosp8UrD3qvYk=","AuhESSru0YQmpZ6tOyBzvh6s+dMETJjKvV3veSlioNs=","KlrYlN3bKKGLPT1uGQzvRNlbNOgWk5k2UEBgeeCzXow=","S3vfA1v+QUFbF0oyibqs4QAGrVrFq9i6yGXc0CNA9FY=","mjoL8pdEgYC3of1Z34ZQHWyqpLXg3k3Z3RlOBEtxPkk=","2g+AYDxeniCW4i0+kP78zhsO4n0ZI/+f4Um2EZv0uXQ=","RV6fTh4BgrJ7h6dERL0M1/+bb86wkKfhUPtUBdog1rY=","kgSO3CUFGPxLg8v3RwhLWR1peWjpM7r7SWUZCNPMJvQ=","cyH29/+6CLSsshRBOJ9GlcI1/cVQ4KnG2py98fiS/Oo=","4EapyEscIYH55WkzMWHFMKgplmWr+hzAQ/DT/VfCsx8=","j90qTvut4Yba1p4Codp0FWjcWAg2rxhVN/lb+mxoOy8=","SMopS5/w1M75YLl0PPhgPEwQ8Ec9EEZ/AXV0bttX47s=","IiOzOz/bff9GTLrBRKtWQwXG2bytGSrIVv5mx+VIHmA=","mBXL67zqdGU+q5lG8aBFvJ1wg2ZWJJhMFBjW2U/ZDks=","qxywHgyH0GXpf7PZG/lURHtvU9DFN8DQMUlL8dyiN68=","CwSFqYcDDrTlQDrgUOfLHJ3u79tVGkjef84i+jFo0q8=","gjoi8kmuWFRrzPhn08Sa7DySLuyMRkMQlNWZAvik68Y=","mOQw9KOOYgYPyAs53z5TiusCcCATHZ6+ktFMa+zTsK0=","t0vrbpR/6UrlQZkh10+7Zb7DzrxTGrpeE+NkgvmqZy8=","Pfk+RkBWcsbCk1JuhvhDP3fE0OSWiWWt6ghLVOlgLO0=","SDMucYK1C0HjAEkt6pZTYDDj2ILzZqLk2bRPg1n8nhg=","LXpN9GmCQc/6pzJjrqyRpa8u1wFLSVnUWi2qdJMqAFQ=","81WlCqT9IqtS/9UjPrknJghmBxtjN4pvc7+jNNzxMW8=","8vRfL8gmB2oTYey9jRPJhoBnCHRs225EQQWN286aXYQ=","bBSJxnj7TGXh/0BXmVBR+CDeN/uIcCzev5IYP/56oSQ=","KUPDX91aevAfibRlhHs5XV5Z8GJxBkg9euYYLMZFILU=","kAphx9ylW4Nuwtpxs5DQHqzMbTLjRNv/C6jORXGRoZo=","YBUg8GxAukISpleDPFHN19fb2gHRyHANBeObQVlQyKE=","QYy8ztF2YPeQby7u5rjvWL0V6j1RbCxfAmvCwcI3pRc=","tf4aviAXDP8sg0lKo8j3RRzNcY2IbKtxQ7M661UtJPw=","gsP5CwNkHez89zml4ephkrvB2U9xSI+AWT+rZQMtp/w=","+iAlXPY8WaEwFQJ7uo857bb9XJJv+cWoEKdqpFAAVzM=","mr4SHdHVo42vzCCMwwF9spT2daSHhexkokzPUFoF5Gc=","B/9M7hLT+mon3ULPoiho2jAks1mp000ZU0QSKG1fncs=","ynxrpu5PR9iXsGQCKAc7nUBsIni9CUsrfngueunl4CI=","vgWwby6Envclog0wE32rlN3CD++fWj6cv51C0x7DbGM=","M88djPrCaoFu5LNu3j4s4lfg7iWTyHU/zjGZfsJwTy0=","b0QrCUHciaInZRsgU0WPb8F8EaWfvButp5RzvMs+G7M=","XNcs+lUmgK6Ue0KoOUUf80R+IJdkIDVtvqW0Fc5ojIA=","ToaQoGTTCyzcDCRZWXlNQaAhfPdiNlcdrV7snuQLbDc="],"block_size":4096,"path":"js/background.js"},{"block_hashes":["uIXUFU7toZH4HzQhYPBIdFKMgZF5R1CwbkL8eBes4FY=","EM4urfhk9vsaot3IoakFkfKtACxEbRAH2GuJ2+pAhq8=","UzT6p6xV0CtkxWWWId2NULE4/rtV3fId6Bqx/lDsEBA=","lHHcwS/ADP+Q0HHCNPqsyfoVHnM58ZRpSMXixj3XnWM=","JayvCehba2LpMLtsKOVmVVmg2GrCW3Ho6W/WMtxn88c=","0AAihXxRbytCBh+40MW9zqOm678jsWN8+JwGL4ysXJ4=","SXg6cEHDPOgn2CYPBVD7NrS4x3SzQzL+SRpswFI9G38=","I1+VQwHpgtij2RStUE+VY2yMk2OCCPktxXAM1OxanoU=","eP3wU1dsTltgsWVxekc6UVq5MWBljN4nMS0ezsGWKos=","cPqUoq5ynar+AUrdL006JQzuEEo+RiW8GjpdAbDlRJQ=","yIV/KlPWObrMJfaWfFKRuXElUAohwu1DoinNdC2oAQ0=","aXxQjJoEXnO1XEnv4/+uczA3B7RlrFu0XRJpxmmNbW0=","upGaccX0ANMZkmUSyU5tpfBaaG31myG8n1YjnZjdGNY=","blJLUYcWBoDeJJ3LEB9esyQpI01WHrU81LDzNHJKQnM=","1ryvzqtBON7DcWJt2V6Ab2kWn4uRIxj2072wDbz1X7Y=","rJZC+mD/SVJxpQMtBRG3ZvPyXZZRmBINuk8gJu5WNwo=","JtPnfFHmVR+qhNTiK6xEN4ifGL9uJc6Q073KBrzmQxw=","BaY9sK9etOIhD5IeH+S2tCS22j1YqgYoHFWAW4Dqej0=","cUEqafOsAFxwQ3CXYPImw5ZRFgT90GLs5+JzsY7+GQk=","SSmyd61EZ5y91R9UuZCyGjs6s/Wtre0NWN+L7rgYsCE=","4B+Qd3Mlpo9Hso3vkKWg33u8snOY3eEhxssYyflGtIk=","xhuQazwDy3im3xq5egMY8rIGBZaUyanwN9UooGjpMLQ=","KQdkx2cRa1fuReta6DKiKswGAdhxjzMhLi4Yx279fkA=","2Nmf8fdNC3k0m3tv8vnHR/qTU+pPKB25wSVKGfizpWE=","LP5qEWhuEFw6xT13lrqhryEpvkDQ0+WFezH8m6tJrvw=","7XKOzIiXz2pQnWySr0Bgv3RXQU4PlFb3k8fxNa3Uejc=","vPumGubZEe5wfGjdBcDPCxwn2DeTrA/oOeiYKormvzY=","qhRN/NXbXKsryBScuKGNz4hkXERf57INe3YT83Y+KC8=","/QS9Vr8oyDAiDf6HrCvyEJgiuPNRkSxGxG/K+11Tz1U=","T2pVP/j2Xs9c75CWHR9Awc/5uJu5wPBIXoGlQigmcZ0=","alFRfXjmNJXhdYR+CysN/mvD2cYpVuDZvZgKA+/uY40=","csXUD6IoH7M+x2FKb8lcMqvpxpP1jFfSYK2Im0377fo=","K13Zk96q1BWTCQ9UpD7KyteMvefBnFOo8dOcWKsgS2Q=","2x4NlnsO7p6SlYdtlY/0EUK+BqDHWZsrRdNASXHN0Do=","U9jbWNhA/yYM3/filejI1z5k3gEQy352g7FPEvXF+fM=","cKuD3l/YGdIQ1AVyqcrR1GtfI3Hq1QdkZrtX2HqfzFg=","DaA22meYhRHJTXFcnRxoxkxof2U3U+k/OeDUZU/NVek=","9wgedCVOM/oyGWHsSHLuCFT6aBjRVkEdH86A+Qiyqao=","OPbsM9UjN+mP2TWu8sU0KdcoqennCgnr5UlSutTpWO4=","qnJ8ngFUOB2gtSsAHW1tA70hPlg1XZiMXNp8JoPrPMQ=","VPMx1TXyWrQWcc0cAJr6zGbP9RQHg7KsxlAyReSjW70=","oNP++vrq32cgOR3JLtKzLdHLHoA1xJ7oHIbKKg/GDkM=","JTLE6u31baCCB6WhOpXjpz3WD0IACq8T3rJl2X+UVxs=","onAdpGatsd8+9q75wjS1Hetd9nRCLCo52f6RJ5jqiHo=","VbShaCwimoOIrLJZhpoCM3pAcRrrFsCSrXkRm0QYkL4=","Dzv0uJKgSXdv0+RenDFHTKu10K4J2R3+fQfiT0/Vo/M=","zZrE9phIriwmHxjtfatnWHZsoL+JcIzvtaWpG/aPPiU=","mK0jRzG+CIsjOa665pB9LNbqa+XI3h07oppkLbGwowk=","ElblJeSv3psfC6pB2gMyCy9/c9IMTTRxnMmUtyhPZv8=","bhfeh/rDUuuBwGiRxmnBWYkXfETcSnAL7zwCZbCKPS8=","0lBEFbBubb6wcg8tQTy6uLLjioSIxUBwRLvrl3YxN+k=","VAPLt7poNjMdeiIxu64mQQsNR5nRPHdFgm4SN85WPf8=","oKs46Edtg9/C9cE2KC2x8SKySjK3xTxQSYItSyJpZ8M=","sZM301W5SWEzGKJg2wdoX7+8ouHx9zQOJLYqfDGceSg=","KHwABTmF35s0DpDv4+cDHTTelEo/M10XxFsgZ3+2Ggw=","owplcf/MiekD/ZwluTktfiDrxI2/GZPSuWakrgKnFHI=","xbAjbgC5HT7++dMipwi5XbO76sZgnZwICt2b7qaCQPA=","LZ9e/H9fV+ErjFekV+HdU5DsnRqcsLoOBHReCt7pjU8=","2a7F1pCOsGym3xjZMOR1hPDWbeGJ/3EZyh1xZ602alQ=","A6419fY3CKmYjBPw2VLjxEZhNlBEPiRsHrk5vL3MQeE=","aBbeL/iW0+1msNsToZTloJiWJv4uscUbLbgX8wAZhJk=","DftxOwDRb/CFzJltfSs3Z2I9ghW8PsXKCLpJXGz2Jfg=","LTBZ7aCBq2zkpnYbogsykXN5ILwNUuhD/5y9znVOYVI=","RvQcmwtObwUWkBJiKsne389iHcMiAa5j0HnXUSX728k=","Mmc9zq6sQxVUkEMtp3hIxVdug88BPjCSTgOf73sCSE8=","0rapQ3nL/fmvCk82fuzEwJ94PN0Jp/MMbj7+xXTTtZk=","LmGazhq6qVIYGNiYfnAgT6xQO8qlxN91l4fTn9tqaaw=","QRXMHBHP/q6/v1XajRTO8vCWJ8APUWEdPxJFo1LE3FU=","FOVGeuAcPKYSMrSeJOtPvmrZTw180g4/hGJjzWqGUNE=","GXWMsLS8BI0PVPAWlQ/yqD3J7H45BBG/E6TVVu9UnvY=","w325sJ/QRO+/5IZkb2m1vS1/iD9HDyHURXloIhEylk4=","/6i3dhlbZVweVCwHZiuhtUJsUNtiyfUqV6xphFoyKGQ=","dSYQtWtcR28PQV6i5Xl8lENXr+xsBzRzp12eLaqJc/c=","2XJRHLxLlG/iYcaNaLSLMm/SqjyugISqNcTjVvOLf+0=","0KFyaYW5Kno9LpXH6OdFzTbFiv6MJ36DtH3WLvam3u0=","hDD4Uf7izyk3BeX+mIHWR4DUikLnw06YI1u5qaX3Ghg=","RP9yN+NukfFnCaoR+xmCUE/Rmg2lZ46NMqKhEVQ7GMw=","neh1uV09iKIT9zCt4W2qeqDj2P5qM2k1yiKi4A2wULY=","+v6EbFiXqNsSGSxLokyYgrIVQjz20NtcD9aJv+lmfVY=","KXL98wq732BO/bkeb4DMviTFVKHZmfSua3m5UsV7fBs=","wc6WyrBr1PUpA+bPgHedn1ajor4W94wHOVOw8sdSNuE=","wjuoRqmmvDKpMCGQPVf0ph4891NBwJdoWZYFK2SKb1k=","u4udIgKXjuoY3tAjhmZpyKHJzPlUB1+Pmrkddef01ZU=","H8HOXw1rs093sa6meFyeRKbkKcmtqrH7nlETY2lpZq0=","XSOaDKxBugu2wjAPYgiLLhnXzbMckJGsCtQOfZU04hE=","9tNK/ax4glbu1h4o1pJyl+MXWv7S2yqLwHFUt6hHAN4=","cBZN0P0gvTLVrXDtxfU7xByt0bC/lQ0Rf9Xhzrtvxuk=","IJAz8gutmeEk0Pwn2gLobt5Y+5M8uazT8J4eBQ7qf5o=","4dBuobUb2JGtkG6EmRpH+5lfkKe74cm0mJ2TpfMlv60=","05kj0t0vWtYH/ysQ0bZwx9wN/cEZVS2JxK+/SofFJo0=","5KIPFfB46pmdW90I6/e1wCy40PZFIeqxLEF2cJuM0Oo=","cFe7JDmXSIRmMYYWY2+O/piLSniUBYQcXBnJpZkkIUQ=","x4SMMfOMB5HG2YJoG9bAfbUIOWcU90NC7ataUk71V+Q=","pSYb6waNxy6xyqpkTxluHPaZ2y3OVbtCxQf/r5eownI=","KEliBG+pDsj3UaMdcK8pV/UhMng02XJ7UYfzqWNkjas=","zwqED3i5QicYLOuTH1PZwLZ6p1Je/63vCzIqHZxg/4o=","1MYwVECrFxblXd1bWrvlfDDp16s2Bhwr9NwicuoMG6E=","JEPz/CXntcRPQt0LMyEWpjJMGesZxcBwdAk42LJBo8A=","10qLLigsxL+MDKkJE9EIN4y2v4eK5/5xi70HZSMcYLs=","1+ESdIFIBVta6aO8aAUoFxGRsMmKodWumCR855hxgOs=","sZ5+rmU5V1+MQ1+CcwhNo13vu8fOwDkXl8FCYLaAy/Y=","FP5Bxzgme+x4kPoxMEx/axIHGggmnlV0RRB25IFPGqY=","7qwaH1PPWzMuq2rcr0xf168cpIiS8W0eJo+q3czoS4U=","OUDHxkAwhQF3ovKkApHRuCsXmtmh+ZJmYW23AZej0ro=","aqWOONeKIKhlK7aEkQ4/Mv2hDFsOC7ZMM41W4WCcTOg=","Cm9WspIITIlan3EmPYjo1HQLK2DehUFwBf0RZjKw2m4=","B6E9JLQRzda1koja0qf7hnHekqpwx6sEkmr5ZTMvD+E=","COWbno89Bj/qoVs4fVL3UySdWsHIINGuxg2+Aia9KrQ=","VodMdiMvov2fMWf9k/V3E1SL8J4+Mru0TjlEnlxk3Fs=","P3W2d9LhBbyfNiWMFtnnsE7IpaYncKAqMoNcWjBtzhc=","MM/RehjG3ktpWYQARXjy3IHiwywE9SIZRKXOR2ukAYo=","T8boNHDU9qjE60dm/FJeUN3pStT/JNfivrt+ojBGgcs=","9pqp3Nve+3H1/ToOCIqA2gFOP7OGPPvs6sdAaO6sybw=","AslKR0C3iw1+aqD4tN1l1iTjWmSFyxiEV/Y/RgD4oYk=","NK4R1gju+vhLeoUls5pID5N1lUJkc3GOeghUUju4KWY=","BulvBqDWnYyotMCiVJrARNl5SIepyu049efH220ZcVY=","+Pe8XFv6pb9d9vZ39a8T/mkUiHjUPJ7l19CnOzVntEI=","dPqxj5ktOYFVqO1LH71STOXksvl7UgyQwpHivKlITMc=","NUf48zIXD4zEsfBi7oBqGzpHJ1nB7mnonSKjgV0Kjss=","YifqFI4USprRjPne1F402Acedva/rDWYRMxkpet0E90=","XRFpdA6hQjufFqDFhJFuJdBZhkwZGMC68a5TBxIeCow=","/htFfsLpidNdyQ9Z2571XC4J3zpgRtHs7TNB+dazPeU=","QbLZavSnJb7EbSZdwubyrb97J94f1cgXcP4vx9t0O84=","4FBRkPFvBz6wOx4scN9qLuMgrzSLiZifprFtIZuJlZU=","BG3xQsy9UQHsmfqRKlHpdLSMIabF+SFD7RAvWHdhmtg=","DEpLk287adCLApknTAU4sBJESoVZlbBpv4/+XaxX+1Q=","CSkx4NO5pkE3TraB7Dk5/lUVm/F8LMUV2q3shy59G6o=","4RufnIrVYsPxWOiIuZb3Ny0a2mJ1JfqKn7e8C8wc0Dg=","EEgtuY1tnvMYzx1rdr1wXZ0SjBajtBenc0MbbQlZu+k=","T+TynLQ3y89JRYscss0uZ/xKLTYwXDkzBbysmvJKckQ=","GoREi+74/THC31ZR2Msk/ch7FehK8R9HqU02y/EeCp8=","0BpbmIoaJ5SgfxT6isXPRi8v57+osIEzBkzZz/X1oXY=","26PoPwxTXhysLSMM7VporWd0V5syoV7BCdp+WvAmges=","UD6KN48Zz2GYVUOZfky7ZsNXJo3/gVIp2dnfGA/qiEE=","kXX3GSFM0TxgamMtxvyhOfeuob2wvPiH9eKJGaxIInI=","rfr2azHT7YlcOqnoKSsHwpQAChHoLmtZ+/n7WtMFmlU=","C+6tj9JeHIg88kjOeCJqRHO5eStjhKCh4AnJAY//O8I=","3DxlUYxzs+y9/nxpJZtRxASsRHdQlxb+h3G3BPeTAsA=","7vD4ExPHNWIyPHBtFfCB5BoEp2zvO3QLxtYSWMMbKuQ=","GquOfFqGH860ZeYXApuGSyLa0TKSP+wp4Z0TGKP0b44=","L+8WYxAS7Dety5GXcugRWemc6h15EctE6DGKVHN+kew=","Wl1A3+VQdBsu573Yy7BKATwwREcYxyabI+UjjYUel7Q=","B3PG/6nAeVJwllT0IIStcqxkhR18UjckvZkWtPx21Q8=","ZdCMEzQwVxEG3QYAtRcNGNUMpqstUyFIfWGT+EOaUF8=","t4axYegPpIGU0QlKD0fbkcl8zvgM84m+GpWfn/smGBo=","FAlGOxf2iOroHn50BS9KEdaux8+QggtISfHD/REZPs0=","2rf9aGRGHHoG/S+91LhYDRs5nnSnDHrOU36NfRkoYQ4=","FCyJKKuqPfxnKUJXVy9cBN8PoXD6o4dOyPBZBNBcrjY=","WQZ9OddFNMjILOFYOIVwwF8QC7KLRVTgM5X2ff9o3uc=","ancS18yMtmE6ANU5fNhk5txWzzCIfk9lBAV9ONuach8=","y3xkeanKClsSc1+a9rFukSi2h6Vw/G3pIh3njxbP25k=","hL14l4S7d5RHtxkNmAOzjZqz+t0638Zx3ELiDEljXSY=","JBD9nsMnXhR8rPOyIb2f86kK89jqE3iRxAq0NDbjBwQ=","1UhkxCkugDwZqP7Qza4UtbjYXf1L6nRvJqyVt8dT+AM=","+ljO1ZFKWx0SxWgLWnRs+07IcgmAFixOjrg5Uu2fjA4=","QncpafcEg+5l3LZvm1WLjLu+N9bdQjG1vOTEhfedGXI=","QTnF/a/cIDxZkqCAnyySSqS/t/8/DZNKmqMm+hNNek8=","jY5jhivRpaCzbQCPoFep8OSsjBjvwXf4WGtoDMPxsyU=","Mb+uMdhKGiQdFlwAgVNpQS7lbzmAfDH05c0NyU6VrvM=","aeO2N068hrdLATFekqiKLPBFZTcS1LXIY8xwPt8bDj0=","Ak4+ckqmsHinNMHEUTh4rroyRXHGirVq5SC9ssWymck=","hYMilTfIsir7xRTCA5p7ODer9JtGxejSq8oCUMRmFjc=","nTTocB9gCsckvw6R8wdmFpoq8/eexcYJVzc080H1dts=","cvG0LXXRlDf+R/0OO+0CaO0wY4CIM+2k1nsG+nUa7M4=","3Zts149Qc0YZ6aTZpWAI4HA3jIXkIViGhC4BFuoadtI=","sXQiabWBBI4n+RdJQWuC0NOPq46PwaK50KTQPUuTAu0=","FddkBv2v8x5DZt33GWz5UbonvgSYYBPEIyIozrolPcI="],"block_size":4096,"path":"js/popup.js"},{"block_hashes":["O0hGjyqt3MUSRgpXmXHZhhbV/ZNymUbA6/XiKShNE4I="],"block_size":4096,"path":"js/worker.js"},{"block_hashes":["vEf3v11jjBE17J1T+IE8aONzyFhsrxihk/+XoslLAn4="],"block_size":4096,"path":"popup.html"},{"block_hashes":["8it+kA/eNQ5yDnW8KNz1kU02Lw+mYgmx8Oi5Lspo3h8=","Fc43sfa5pXYUZ+weiBVff2Nnd6KrxySgSPzwi6rfgdI=","4+7Wv0Thzi+PXH3GjsdwgLqdQZJlHthduVmUz7GpHPM=","sDVJkmDiYZUUpRIBPVll2jqryztEqnr/cA+b8ZaEZgw=","bcQ1ein3O8wvniFy28c1dhkaWW8sn7MiInguqmg3wGI=","fHNI93RI+Owq7sRHj1GJ6WjXEAuSx78Wl4PLaEWIwQ4=","ZIpMk6LvZGPC6IVznXxnaSqreAmdc2dABfENrzMO9ZU=","yhiIaf/rCkHe6+Wat7MnCB9PxI2sxVGKBgfCNW27pk4=","qlhVGscU4pRNy3NHBK+HfH4Hl80/9q9Dz2zyc5QYobg=","P/pIzcIrtYdIo2dh8WGShDUqI5mI1T1rnSq1Jt101Cw=","ZWiENmrgJrGoWhBFZQNSRURERHoF3s6HA5lwuCBhBI0=","hqN9xG3D3F8uzrJdAj7yEoHQxz5LTNsfFUYCPE97pPA=","5GWyaQV6z71GVelP/VxLO/7YU7k2Xns2IuMbdwyRZMI=","3GdzdSwsH6wcrHyBGXC/bbb5FDuVpPTN+DhjdPWFHtQ=","0NAO/e+Uhhsi41Mnfh1+NRaiPOfoI6MCjtgJTXQS8Z8="],"block_size":4096,"path":"styles/styles.css"},{"block_hashes":["woYb0+ZTpdi4nV9c4eSAjbJKW2DTRdXme+sfLvtx6fg="],"block_size":4096,"path":"views/activation.html"},{"block_hashes":["6naE2e6+VTKvLPXdCZrOljCewFhm+U+A+7aWjq6XutU="],"block_size":4096,"path":"views/back-header.html"},{"block_hashes":["QRI2xiO65U1ke2NqzDP3bsJzekMv0NQiQNnQgLWVvGI="],"block_size":4096,"path":"views/basesearch.html"},{"block_hashes":["/Jl31rZ5OCQIECzvXOs2l983hCBOtUMPys7i+1FGD+A="],"block_size":4096,"path":"views/bypass-config.html"},{"block_hashes":["YGGH/afl7Ht+wdHx1HA2HYXlBITEhSqqw65FzQb4cP4="],"block_size":4096,"path":"views/connected.html"},{"block_hashes":["3HhwESKOca+Xt1Y8Bhc1HFvFRhl0eq2xSCriKXdkDlA="],"block_size":4096,"path":"views/contact.html"},{"block_hashes":["yJJHy0b5hUVuJok/xxHD9p2QRjmuFinwMkdgsp4Az70=","vyB8Ub1S2DK8+BEbWqelXxuz62W/wh5lgMNKvscWO2o="],"block_size":4096,"path":"views/dashboard.html"},{"block_hashes":["w0pNAOiBXCGbB0Co5txfpaXPf0l3ha6TgfRT+8SfCWE="],"block_size":4096,"path":"views/desktopclient-info.html"},{"block_hashes":["noaq3Qac6CmUnpOoze8Sp67mXrXukaEbIFiudm83zXU="],"block_size":4096,"path":"views/forgotpass.html"},{"block_hashes":["0XVkZpdH0Xk71fmU6iNBogfXuO5sTBD34op+UUbKF00="],"block_size":4096,"path":"views/gif.html"},{"block_hashes":["KieSc8gBcJzqqgiQHFRyXs5QYLYSyFqk2tU6gDg6x1M="],"block_size":4096,"path":"views/header-with-lang.html"},{"block_hashes":["SsEe2uwirOOA2/ZWGgAAsNMyvbV0XG1Q2BgvMYlP5LM="],"block_size":4096,"path":"views/header.html"},{"block_hashes":["mKQ9KOsv+BCdErwVtshNmbd+kO+LQipeLRUmU8YFCJU="],"block_size":4096,"path":"views/language.html"},{"block_hashes":["3b9vfujE0o6M2XgPgn6rrS0e5ROHSR5zYH9BaQH3eFA="],"block_size":4096,"path":"views/loading-tmp.html"},{"block_hashes":["72daeoXsWKrgmBWkf0dOVa8hdSK/0C4kV61h/yvEaIY="],"block_size":4096,"path":"views/login.html"},{"block_hashes":["aPWq9m/Z6KpmJ37ri9T8pLG7O7dkgKjvAzuJAexKcDM="],"block_size":4096,"path":"views/othertools.html"},{"block_hashes":["/49S3hZarS7z3tvQMISWv7DMdfXgIcroxNQxhPd2Azo="],"block_size":4096,"path":"views/permission.html"},{"block_hashes":["4Xxdicsdoz5d1emaF4b4Qd/Ybbc9B6+VDRoyVABBQgs="],"block_size":4096,"path":"views/proxysearch.html"},{"block_hashes":["qN75WQQ8nO+Bzsx1TLX4aBmAehlX3/8DL6uSUmIFGc4="],"block_size":4096,"path":"views/register.html"},{"block_hashes":["JEJzJ+GuOnRH2tzvUZHyA5kkaUl51wCu9sEdRa+bO0c="],"block_size":4096,"path":"views/register3-success.html"},{"block_hashes":["jJLvaB4Jic9KuQyb5LN7PzgV2EmdsMnauKBFLzR74AI="],"block_size":4096,"path":"views/register3.html"},{"block_hashes":["fJjpO7FGlokb7xmHNPQ0svd4TlgFUHOkwhRUexuOsVg="],"block_size":4096,"path":"views/tickettabcreater.html"},{"block_hashes":["OciBDWevq+KeFJxzBLuwJM27kXk2qEPODose9RkWVK0="],"block_size":4096,"path":"views/upgrade.html"},{"block_hashes":["egAVkWLNcI3XYaWz1XVfFIrI/sa30c9f40Rb33RcFfg="],"block_size":4096,"path":"views/userprofile.html"},{"block_hashes":["1pWs10dB865z6U5oEoI3YP3ciVXqdZL3VNWM4WLPnGM="],"block_size":4096,"path":"views/userprofile3.html"},{"block_hashes":["ycdTIm/I6fRIeAef1qPqGxY7DifdGLa6eYpbqlat3vE="],"block_size":4096,"path":"views/webrtcaddon.html"}],"version":2}