{"file_hashes":[{"block_hashes":["hsRrVwcMa9VUiEwmBGGbrKr2kOH/+Dm4KWc1857rrX8="],"block_size":4096,"path":"_locales/no/messages.json"},{"block_hashes":["0BLWv+mgjLyUnscxMR19QifkhAxNE/53UF9UeNzuUuc="],"block_size":4096,"path":"assets/css/popup.css"},{"block_hashes":["1pyBRxHnBCamh6EFeWC4cyK8iY8I4PWO5eUlQH6P1wc=","118ZPPvbJobDjA3rmGwm/0lBsCJLsDV1sP23x287TdE="],"block_size":4096,"path":"background.js"},{"block_hashes":["KNIQoQAozibt1eH9TcrAuSlERW/FMdcaJxeUj4RTT+M="],"block_size":4096,"path":"content.js"},{"block_hashes":["OOewDCKdKquFG/rDts1KRxLViq9y1dwAWVp8fPKqPDE=","s3aM5PEOR6tqeOAUiFfotJflwR85LbxP+MbBfLW9Ifc=","ok8P/C+p6YhEMKFwYxWOoYfTCNBMuIszLJtpDi/y5SY=","8gsFEhGDbWccQLL3xZ/ib4IWn6cIaw6wahS61/bU2Nc=","qimf69fOVNCGdpAv6Vix6o3oTXAAqXyZdOjQZrlUISU=","pqtbU+oJmWQlW727G1A923uPfFYTGuSQhnLjmEHgg9M=","DfAGv0B/tAHHyQw+uYUmHx38j+/5Ixjfg4KSZZRTCF4=","lU7iXHEAH39HXVmwU9RUMtzXroA+jaYE9tkoNiWReqE=","27lfMO8bnVY34NviurOpc1z76Pq6nAEuZ2nIPe9melE=","s2ghikHdIFtsPVyPF0iq/RmQTgtAi/6U8too1NJDqmc=","rpCuC2hrfzUARbDXIW1aaiVgUylSdyPKLW0h7dqZsVs=","b/J+HZCOgXo+Yz10wdw4yAdRS+lpyb7UvuOI9wfjQ8w=","POygb8kWP7vz+9sBCZgTJtuvarYjyVM/RQ9YAl2eLQc=","r9JpNkD8M4dOUGG7tXeQf22nWYeFByfnNvUUcE/n+oM=","gd8xBJzdOJEcox/19N843TwCG2XUcieHBCrYV+o+cro=","XVEMJUxxlzjaCRLHXg5UsC2HH4pmTdOJwF8UAh6q0U8=","kVKIBbKmWt2/CnEl7zWetJnMPzJvvvXt95xB7xnXW6g=","a+uimA0rOVuNxPZd+fBJ5DYBX5Od4iDkH7jF0HPgx4c=","wOoQHMVr/eeBtYvtItltsWqMV5UiOeQDJo8DeDY7B9k=","Ip7IElHWCDLYmQAhqpYZd38lmATc0Oc25SgBt4R5+Wk=","MDwW2/oBG3q445gzKsCVPbxaRRfsCt1W8F04kljEQkQ=","jftkPD9pnrnxPPINl4fq4v+bm2Qi3vSZXXzDVLCgCtc=","tIZVcrl3OD0FYi9VWfb/0onK/TYphQNivX9CgZbG8Jc=","jxtF2YZpguVLMFRDQMvwCrzHz1J7+JCKekbKMh2JVJA=","D0pkKhs0yE7u+seUUVNvY96p/YFq9mG/6xWwrbx+KAw=","ahaXemL1U8bfrXVl3bVVnyPETkrMgfwvY9E3OtjHQLk=","wK44Ejk4AYOSnI1jBnuBLujp9Tye9xpHGEJnCbilXE8=","a+0LYdJWRx7gM/uFDinMxrRaob1MzgHjp3b1Moa3Hcw=","AILcNFZvxIO/4NxmgKPPdN90zNMsEDuHWdy+9BK9wPs=","8NFFuqHyIqvcqvZ5jiXskt5nd1LaoWa/ZU2YfYGt64g=","f2RoSUYH/NnT0yLcfn78aJGI3kGeIGTe9WzQoyTYUm4=","MDdPrWMD+U0m0thp6IgEu9b6EY5Pzo62vdGYbPW42o8=","bE8RF7itJHu93vLvAgKSNVa5HY/8Qxtyzvr+PTGXEh4=","PCODdcQK8SOcOu1p4Fm4bXOyaqpXrSgZjvQOTt7FVeg=","RD8w/uBe7X2JSW1iLQ+YudYoYT0eXp5NFiNayqRhZO0=","gc4iDSb9UnBNGbb/bWxJbHRoWYqbde/j4RQqZkII63E=","dhSRH6vWoXmqeXtoUqQ43tOf228keJG/irkJ/n5Pql8=","Ipvd1wq7KRC0dTyHrWpRTWs7xoHoe+nnooBFTM2D3uA=","2BSddWN6oB/hLhUFRy5cqsqPhr7JaZ5hKQLxT+7pOPQ=","NmE90V7UO7/xdE2s3iyaWXgWRyDCPdvQZeILwE0HiAA=","5+eY0y8cIzDNp9kKJSi57KUaB5M+okhhwz7Xm9uFzaw=","boUoJloXlL3bCsVqd/scf4QtTmRmSJJBIzS67WRSsPY=","1sp+ExIp+8tF+v2OYNsoAfWYuFvlzPA6ZvL8YYlcPYc=","9BcEugzX6BhWPdj0q1HtnqajH2mp/OMRfZREzOajpGM=","DxzYS7h/xTnRXlq6lRNuewKge7YuzTrEoKf5PubWBxI=","V6zsF3QsxgOlM1a9BsEKBcpila3Eh9NZwvyirc7hTLI=","BLo3ldGQzNNB+Hv5TRDgtKcCiv+SBz6sHSn4sncEPIs=","h5hPxHobHvzLOYxBm+uWewBkMz2VBN0uhqVL7wEM5JU=","mKk2tFm8bddRwRnCEg3o9EE7yrwIU1xy1zcIQ8mNf8k=","yvi9IhcqJmMGIolQPAOrLyV9vHtOudqMi+njDMwqwz0=","oZMY5wpyrtBb09WiXL4tYnqeS0+/obEuf+r/mfbJetE=","CKSrITKqGwNJxlXTojaQ43RmZk3W7TtAPaHtF7uY7Bw=","HLEThpRQw8MT7mwkbvcLc1WH0U/SrUH6AsWtwAv4Z64=","nCiOLvitEB4B0FHWGXbR+qZlApppaBnYwmA52+3FF3w=","x3uo7ggikgdPynfVwbeLraBE6vbdn/NjAa+31i0Il8c=","7ZXgB743QAFD9BK9NTk4HpDy7cktLqSSVcaYWkgg9MM=","CzVlf2JtFhOiMXQ5fSWoopqzvoJh253RSrPg7tjT/Jk=","8QNcqZayR6PAkf0s48OCHJFQWO82wXQqflTqjrl8IAM=","pf1TUaCqx4ot2vKvrfDNrSyC8tlOlg82oVp6RFFGcfQ=","vw+0m+RGuU6rFrUL8qVe6zFgTGsf9IC3KPs+EVKqDow=","t20NgMeeC56Nke62xI3L4jHpNOpbt0LK2sVSc0ycs+4=","mwuf6eucJnC0w7dmUYQhfOg+b5ykrkEUCsLMHy6A3uc=","f/L2vX34MPzyXZsqsciYCOvzcdkS3+DFu4+fAR087PY=","e2UrtSN5u3v+MGaDXKL8zr5OScNsgRCVzs7jKWly550=","Js132sV+SPsDCf+FwGk9bZ2cNi+/BlBArACDJ4Lz2tM=","ixtHc7UgNQEP06hvHVVreN2KTpRWKTc23feRBDwxYok=","TPwvj1vKZE1rAQPlMupAYDnuxR7oW+BQ0IgPgu57jYI=","R/rcQ3jOI8r1IoOr6Gf3MECDC+VMb4v3yP07dgqPD/U=","/nRGp8wYFIWR1t8mWhdkEXR9uAzugKa3bpLUHtiVg00=","y9SEi9oXv0eZm345t+kPyn8MdmJV2zblnz6dB/rSIOI=","nLqRihgdcHTQTflwWxMju+9fZXJrKMsw2mofD9xd/Rg=","a5o6ZwBTur/5nW3nSYw/YAHnAHnrfjejeR5eAYQ1BQU=","1YAOBB5eRaorGF9FLw9PcFb4SlU7m7yO2ITs0OCaLH8=","xbUs87KI66gOeK4ByOLT4rkbwktWg+yAKJpjvofmSi0=","1ITSwTjAX14OfRu3VBT1/GmEW/orHk5sYHe4r8RSIK0=","IA8MM8AXQRCMeOx1cfOLVv8qLsJbHSZPHBdWLE3Pyo8=","1WOmj9urxw7UxWFX4NzsFDOCaiq8sjujrq5cuN/3Ih0=","Y9jQYx6bTh3iaNnT8I56/dz1d8NdNVha4yya6gsnG7E=","zppycItZB+Z2tBrWIJNZKf3eCVxvctGlElmULAwEiHo=","o3Z/769ZYU7ba8dmzAsd90JGmVft6CU4KWOlDmnU4jE=","DddopT7jBAyXzneJA0mFYkO+k0zB1mcSriD2tHktgyY=","9RPYqnOgoZ6HryzAW4n8rheO1pxiT/MZXNAVxQP7MR4=","xo+iZL+xy/f84YeGswaVzOsDB0kixEM/yDoqzRxsCac=","83qQAETcprj2JWUSlfFAH4Ex5u+cvPkD3w/hcKHaPz0=","f4KVpTmuqYzoUhW8WivX9IRvHiDCTLRcv63VpX6Dyok=","KETmbTpr6yF4SKe1X7hrxGg7GaykvUaYut6/kN6BCoU=","zU19rE3Ohx1TVfRv7RzvPLpBzGNDY0rBb5uZ52OoiMI=","3TU/5ZOlZH8enns5VZo4s8A9vZe4sVGDuJ2SKspW1bs=","0NfzrGVa5GyoIRltnPDeDCmKwQl9oJvWlJH/9lJTl7A=","o3JalMRF9v5lxRbM6TWaQgJl11Hn+fKOXFWP955fw4U="],"block_size":4096,"path":"libs/jquery.js"},{"block_hashes":["P081CmCeU7LDNT3i/m2+eiE0304hSjDROLt+JvOIEIk="],"block_size":4096,"path":"popup.html"},{"block_hashes":["6tFKaGGVyyfzNwVowGGOAPptEoYQUSvEd5WoNt9AR+c=","F/USH0t3hkC/bt1R/znm8SAl0XLKy4+AKT5kavNLBOQ=","iMIACLjyjwI5g4xa+eeUH8irlWQ6zstO+AZyCM56ZLw=","KqOekfYr7ho5SBx5r5jVuK+MxMCc0IwC5g9WndTd4QI=","t1TPpi291lERtYc2h/6NPSg0G3CoCSvRW0QVVMgfYEA="],"block_size":4096,"path":"popup.js"}],"version":2}