{"file_hashes":[{"block_hashes":["nA0UpAcfcOMDJJyrJOm2vwlwHuKf1tAoCFfXvjCCDS0=","6jqk5feEK8DQQsdj2VBahSYdb+irPxXynXcIbwak4JA="],"block_size":4096,"path":"assets/css/bootstrap-switch.min.css"},{"block_hashes":["yvAnVoCKUZC8KiIUrDr7oxG1ZB5KS0XzqTYfZlLlAuY=","HHEINfKb4TcMcM1/TymM9MCBJCeBSDkVB8363ucm4M4=","5bSesMkCSi4HHsyzb/JOLv/QZZKjcxXmBILGrJGyfYM=","hnXBA9hpbVqwb7kXoFHDHN/hUOnmdmJSX4CoqTVV/4s=","gan1NoQftJz9dTsNZVYKCrOa8g+8C1+Wd+9l2jj0120=","nZR0R5CFtIHU3TqrSfuY8cV57LtzntapeH/6XeJKu4k=","8FdNW/JKmxiKP6Bbqnb29KmNUw0F/98m6SYPdotzL9U=","pNFTz/OFcIHnpqh4YzVSDaX+LrOSkD8ah/GAhm+Sx+0=","5R6XYUboTjikJbBL7fcygQ5I50Yu8sDPdWlAGWW7zno=","2ilUgbhlmudzFqC7wZHBhYLymmfhiyGmDBwHjgYtN4U=","c4odZ9Si6ScCQOI4sQingMcHO1Csd/0RHJARIw200Hg=","mwXx+KX19/50IBWJ4pkKxwl6G5msobkW4FJDKMqp6do=","EnCDU7L2tF0gxx+Jj2alPzLk6LMbJOhYpJK3enb8FfI=","0mlcI4kJjPWEX6nb41shl5759M8TsGUuYYfpgk+nUy0=","gcitoY63804k+t4wkqs0AuSoJ8VLufJfF4NgwDxkmT0=","Dmlk3XzFcW9O7/tkX3gixiSXHO/TcEt1d3IqhIoxOdI=","iFElPHT9SEGfeK44Fi8dwynqQspULOx+tqywI/IGpIg=","xdCH6BT3uH+cypGLG2NRc2TxRmveJYogulHrCriWRQY=","Lb4inPN63klEmexvaXgyB2KHnyKybpW4yN9qX4pRP4A=","oiaBqvLlSEMf7diFFYWe+jn3A4MTkX9zkbpGxuEQVRU=","HzZ71vdI03eC4RlP4kt6ONNmLM+dxE6zLhLUAJxjPBM=","o3Ih6wn2PygsQDUeY1NZNObp5BCvLJcElfIB/xb7h9Y=","V+RHVBhR4xChH1AAtIVay8jpoi88cE7xdxf5Y2TBRZk=","FHcn8HSZoGVBeNB+c8xXx7rrjsX28Y2LLwcmfVAo5mk=","NJj+WiZcwjlF1E5Y7C4ITSdZYRcNPqkoF+mOJ8fuA6M=","y4YiZobAoOQQIKSnqMgB2Sb1XBO22EZpMPID6OtclZU=","R/pFM6cnpFchN/1Kj0A9v4X5Bg/xpxofodjH3hPULvA=","KaZkPNN6HvvcSN4JGGvpaL/TA+TCw2/7k3FxOXtrHOE=","k7CNoAOXSxTGLrkBhuHpPfg0PuTXBy/JNGv8goVVIyY=","O8TM3Ju26ux4nlWb/BuZ1MQ8a3Z0WzWQt6aWLThotYs="],"block_size":4096,"path":"assets/css/bootstrap.min.css"},{"block_hashes":["tR/vD2b0PL1iX1Xt5WQrlNwYF1qs5G3v9ql8ie06TFA=","tN/2yhlz4DZbbrT76/SoYGjIL4gNLPXCFMEG6bUrdFg="],"block_size":4096,"path":"assets/css/ghelper.css"},{"block_hashes":["yOeB6CdADtwGYcf+N+YkuwwyWi9o3p+RPoWx5x+il9Y="],"block_size":4096,"path":"assets/css/login.css"},{"block_hashes":["vSKBcir7eqi4h2FqEnhbSoRI5SbGLC2Gyd24HObBfWo="],"block_size":4096,"path":"assets/css/popup.css"},{"block_hashes":["wpOQfLPxiqBsxhBWtVVIIbEyq8K+qkiq0Is9Qa+OjLA=","xrKsnlmUmfMy/T+jaCDmZ7EkL1mX7iuFuxCdHIfSAIo=","c55L0JkC9UZ0ktPcn4X5YUKIqIHtz0u0StYGZXrmv/E=","f6mztfr+H8RVBvtaC4bzwI0J4B3kh3yaqdZkLyCzKOo="],"block_size":4096,"path":"assets/fonts/glyphicons-halflings-regular.eot"},{"block_hashes":["z1eni4d2dNceSJc90XyY3720jCAIENzFPpUioPpRLCE=","5iIBO5RSeMOR3j2trH63IBmS2VZOenqRwmiWTf17XG4=","QHyHsPMhQsgcODw36EBTyI3cdq6M51pt6sOZmrTnGa8=","Y0uAPODu7sHpPvMR/rkEKVnPQG/WQVW/X9S0+sh6e0o=","TfSawL2jc+WVg8BQy3b7WyqkI924jEkzY4YtrGp2Na8=","gA+Qq09f8zgsWW3VPy0w/Fp5QdfHj9lNL0xsNGMPilY=","TGcvbBFnHMNL5x6vjHtTucCeQXtr5XRbE0UZtvajpvI=","8j9LU1EmzEgmKGqm9OfhVTw0XSjEaJwUuvshDjUiAWA=","XCZajY/f+DR/s+G++qejQkp0gnoPY/AMrmoFsM6MdEQ=","GBJ2wXT0MeYRFQuDS8cEgJ1E8DFvO+Q6SDP+KacC7a4=","6xwT96Q4xMbEkQtIvfqia+DEJmOr6ed0D5LM/Vx1i88=","eC+gTz1b3V9SeGSRfk5l0cRd5gAkqhLKcXUGuBYh8g4=","SQploqzmGMWBXAVn/njq5o7SkwGrKABB/VFicbo2r2o=","+4ClWpsbO+BHY6M3U7b6j1qkHEj6Lr5/9K4qrhQHJ8Y=","7BQBoN6iUXpy05mtV+Sv7dSTUn0RxFhyf9s3sq6YPYc=","Y2GrQgSG9eAUrmhCSohfNZkneE0L8K58pUynxBGzv1A="],"block_size":4096,"path":"assets/fonts/glyphicons-halflings-regular.svg"},{"block_hashes":["SBs80sSr84TQ2FATNuCu0i/7BeNIYKwnzCbI7JsIGAo=","+1hao8pbhuqiH1QBVU6zh4tVL72W4yBNQNEEFN47GS0=","yy47r1i+ay8Pjvb4vJ8X47FpdGXNw8ID550oo9MRH44=","wm6Vz61EBZ0ziOhNo3PeXZvExh+IY+S2BWYsS8uGNws=","TeNDSc1PUDXN3Dx9Bxkc7oT2dKwToFSQGuUlUqUbSII=","QW7OHwh38/kuEKhDl7cCebi+ULP855DdZCl4EORlKNA=","5i0YwnFna7zvnVHK2urIYOrVEXh0BYNRvjQKHXsxDuo=","W2TRq/GoOF1y4X7g0hzZfAkqHk/n6k+4DSghQSW8VHM="],"block_size":4096,"path":"assets/fonts/glyphicons-halflings-regular.ttf"},{"block_hashes":["X25bcTCWGdlj1srW61ht4ZEVBN9lkkQGGJ4qtKo2J5w=","tidswbZflSQwNEEhoGH+7YMtev1ftjSzxM7U5OTn/wM=","Hz1C8zwdIyeYgKGgn6PskorRK1XKx0AvEpm8cCa2k9o=","oc1uV6rVMrNkMqCDC93zqbZHus2FYPv0ZYAKcQTiciA=","fUgLX3Kf36RLf2Vn9GRJ6QD4H55wx1vynV0Ic28+278="],"block_size":4096,"path":"assets/fonts/glyphicons-halflings-regular.woff"},{"block_hashes":["lihhIebY6aWwjY2lQNNY/fUX6VZbfZVU996gyEjMSAE=","LlfkkjMQciqTAW2g9LV6NEkPvmiam9qvxGiJxvTk3qs=","UfvGVHuN41yXOVUueQ66/8gT4jljDH6SEVX6KxZjoLw=","zIlBUFHHX30YG2mTHv4q/cUEWsOp5mHKJ63K2cFdt1g=","e8nA1WG9Svk3Mcc6X8yjfmAnnaBeX5tNlGvxKpS2yaY="],"block_size":4096,"path":"assets/img/ghelper-logo-blue.png"},{"block_hashes":["bk78p7XUCdQZUwCzUjsRd12C+i2Q+3gdOZoUEoemGaA=","I9xgaZyTJ3wpTxfxJMhapT0Vox5A9YWf4gWHTsGQGf8=","diRKFqHAuHg35j1620wEn1bippmb5DyDZUQTp+jJ5Q4=","1TtAfOQ6KLx3wqbcNybwGZuajc7P3VzDTQW5hHBU/LE=","W7m0UEkofSQitcAcUK/HHmosfFqQSLIjp/rQn5RFz+I="],"block_size":4096,"path":"assets/img/ghelper-logo-login.png"},{"block_hashes":["arJSzomTWkjjIBJkjiZfPaxEjJfyvNtIiG8vV8tdNY0=","ebNyMwUnaBEIDxXvlNa6VE++SIbcMzm1N57IADrfyWA=","TwojXF1py4pLbLtzPqmTK1vbUQ9HboFBhDccrzhVGQ8=","8DFviQeZrXJhLgyyRdxfJXzHfIxe6YSenrN1GT5zGzs=","3JqL1zhEZorVJWHNxyOqmTvew6p/tcd9x9ohZCCZces="],"block_size":4096,"path":"assets/img/ghelper-logo.png"},{"block_hashes":["H6VDfru/R3bFaOviLC8cmk6jJInFpAW93htnlSQ/XSY=","4W5Kyw7lcqRLndyLqoCjFWzYWuqCnoHfSW47fI0o/7Q=","7xKYlv4Hfz/4oxZ2dIUoHrXs9wEMVs/c2VKLkWPPD7k=","LRUDro0c9TMYLAo+rzONIh8C8gSBOf49Tw/PVH30u8c=","jtn2aoPdZVumaTa5SlFDaCzVEneEqxdMH7RDJ1ofGr8=","eGAsnr6rW372rah92pQhJXZTTlNIqObC0A782jqNXbU=","cn+S8uBjvShA80VwP05R9eRMhpEm6P26rngphYUeq24=","pnmwqQW3fieiUQh58XT+ncnML4rDxgw1qz2jnALTCbM=","r4yn4I/5MCI3Jx5M3+kgwAV522wC14oCmd1W7KVTdIE=","WgvtMDrXtq1CX0XpgwZOiU+goV4LauyhjVWGIUpaeYY="],"block_size":4096,"path":"assets/img/loading.gif"},{"block_hashes":["ax3Asw+/4WDz78MMQINqYyy6Aj6uLfki1x/ZuPy2WGg=","DSqm9HNYjhh/eIvKM7Mp49ldEXAAIuhw8H0ppmpoOt0="],"block_size":4096,"path":"assets/img/logo.jpg"},{"block_hashes":["PGV2kILbGc/NZdNl4xA3SIyGzozNHrm5C2isJxiXMT0="],"block_size":4096,"path":"assets/img/logo.png"},{"block_hashes":["3hbZxz1yjV1yRuXzpVXkHuC9rcUfbK0V+uEMU2jhxkk="],"block_size":4096,"path":"assets/js/background.js"},{"block_hashes":["NaRZgWwfx2f6pwomtb2xq570ddmsFsgFoFgl421Q8Mg=","1fssUCW7e1WFhTTv/NE+fA0+MMI0rMV796W58wcRYVI=","3VrpBvfQDvH5eGa6LE5iURFtlkLLoKVOnMMoUsPtC+Q=","5a0TLdx7etSL6HF5Q5CoYKqtcpG1mCKGoA8UgJm2H0Y="],"block_size":4096,"path":"assets/js/bootstrap-switch.min.js"},{"block_hashes":["teQki1Rq3B8KK5nzaKTntGnZ0ZMy6njgcOXA+KRNn44=","/fMcAjg+tmZ16fvN4CZAuPQt23BRD+tSEWXsuxzJUkw=","WsoKWAiHe20svx9AZi4xAWnr2yn9GAYXeMSL2KaS9bU=","4DO/R5xtIwvmmNIUP/bVzfXYQPF+cn+9uEnpG2dI0y8=","ALKLbMEPxa6VoEnMB5XYFo45M3S4iecn6l5glIBOX04=","SKKTu01WJSHEHgOlb0awQBw8nA/traBybmYwlKAiDgU=","gozBB4aj2xjXe//BAvnMBVKdeXFWnZTq1NSPGlMWTHI=","a8qGZ1SwAHBF2fsWGZjOk8AR0OZH1VgjhUjBRmJ1vR4=","G5KtftW77qtE7TopD75ANh2pJenqO1HEzwVJ00+pu8E=","vUfA5SAk2DDlFdhvKu+pjo+SEhRNDqQf1RM4CsNfH2o="],"block_size":4096,"path":"assets/js/bootstrap.min.js"},{"block_hashes":["8Way4FSs+slSWL4rew08ZIa1tHGB94H4sbqVEfncAT0="],"block_size":4096,"path":"assets/js/check.js"},{"block_hashes":["l3P6S4/kWWQV7JIW3pA1/KrEwWIeWkWW6qhpUnFGDY4=","cdT9PEcSSgFZeuW/fWI0ut4uJoAHdSnDobfu3a+ijaI="],"block_size":4096,"path":"assets/js/chrome.min.js"},{"block_hashes":["JCU3KqrCemQb6XQyXGo/dv3f7g2rmLjEXLbdMq9npg0=","xFjRNuZ5TgUGOscTBAjIZS2kgg1NtY7sIjYAAKqDp0M=","3nHqaAJVpknQqkNnSrLobzVTZmRqJIyX6FruB9I8FhM=","S0x7RiBPULMrVjKBbtO++l4sIbu2nrKbdkRcyJMbWdA=","citGAQliX+akOghjy5lLrihkkRIPXX3WgLeUE9K21/4=","afajDWfff75j/X1pHVFDleSw7fcAckU13fT7g5e4J1E=","rtyzgr9g/jYq1Mjk6dxzicpZmOs3Aj1np0ol84wPodA=","6kyorQRWzntLLh0Xut6cCi3gfW0roLFcaLLplsD9Pmg=","04pVlGb1/bn0q6uKvhozVsFq777/cwKjp2uDS2JfSvc=","X+ZYmLXIBdHWF+ZnH5ClZZU9OpV7/5TFR09IupxO23Q=","mZlR1s6H91Y0z5XfBm81fagWnNDYKMsGQBhRyh7Yjyw=","u2B5GtSUzjQYQZcOjn1owSeauQDObxvxa4RYRgdGfwk=","nhR0aM9EeBr4hEPPQf+Bbeu5gxLThq8J/30n6wusE3g=","zDXb2edgVQEUR6WoNIv4X6TJMBqyvUDGHbSHBV8lYnU=","Su0AL+JHvv+UpD4K4zR9mwVNjdzqQQCYaqcieeSgrWU=","gWLUYv80UgRntJCXbxzCT396n8BBC8ySjfT7Gl6JU5I=","XeR9Xqo/9PuF6JUi3KdZwHVjfbRl73+EF4fPiGSwgqY=","lvRqO167wkUGI4ebXSifpQDissfsPG5A/MU5a2hTVTU=","yOoRKFZx+ZT7w0onaZj3BVv/Gyiuk+c9UpV1QItP6/c=","coHrYzYSZZuiQyroFq1hPvPhEELi0GnNFZZs/XxGQ4k=","YbThhb09EfENTImOs0MV0Om6zM2uTz9t9bzj+YjEO/I=","KBaCNgTEQHi+UNa7Ha2PY6c5aSfcM4x32MfWO6okuhw=","nQyAPSy9aA0akB+RB+NK+lqd5O08JZriln1jqhUJidE=","jHoZXKs3WbkAbfp/zLxYHzPnItH+gukvmNMh6paERLo=","iextCFegQweCuDPZkVCWXm8oiEyRF7/0RYRZQP34Bnw=","/KPgQPRESrlM7xhnZh+m9MOqV4aj3P5Kw76Shpxc4vM=","H5K8WOdXniEOZCYiGfGvMMiEhNZ5WmVQDFxCHgyG180=","Syp5YfvQ30SLvsryUC/ryF+WntKQYmJOn2ZCymsRLFQ=","mpi0+Qga1lrcmGOtu6pAvN0fZdlPs3xQtrF15WgDnCI=","Nd76DFT/B+w3EfldRzalzRqRB16NIgE/XRKJR42JRug=","7+1Pp5ANoAl3s/7mD/nQtzxnl78bWlCrX49EZlgDu58=","xGsk98iH16MdulLc17xgkH9dQPSDpqAwf/DFdFvpdzA=","LlHLc5Piu+DGnJwXItlFsledkkkgXApL6d4OWWZ0zPU=","4ixCiCdiJxZvnActekzDClDLCcLCjBzEYBXLXxZiHsY=","Fv1g8xkZfutxd1RPJxVobPwdLEGZTTUWgSCd6Cy5uac=","zCqWrjD7wgTRaerqCBSKmQrpwBV2LveMDgspAf8VCjg="],"block_size":4096,"path":"assets/js/jquery.min.js"},{"block_hashes":["GRcgan6vVWkvXK/UgBKmSi3H2CW1ULZNA46FSaOBVVg="],"block_size":4096,"path":"assets/js/login.js"},{"block_hashes":["DXIwKOZteLxEJOAVy2j6XLzpWBk9JtwwV+t9TUp6sRE="],"block_size":4096,"path":"assets/js/popup.js"},{"block_hashes":["2rh6sxlO+Cu3KoQVNIQSMW/BTCBkHFkEeF6j45rJrAo="],"block_size":4096,"path":"assets/js/settings.js"},{"block_hashes":["syuocM4HS9wjEy8WCW0YZH8d0Tq9KcptJN5k3qAVD5M="],"block_size":4096,"path":"check.html"},{"block_hashes":["Aj9l2QfYJui5hBCFzOhfuUCAiSIOhB8GheVsD2RiQNw="],"block_size":4096,"path":"error.html"},{"block_hashes":["115sXh0NScGnWcG2Biv1WLBVvfTYG5+/KaorcPRXqf4="],"block_size":4096,"path":"login.html"},{"block_hashes":["PunvT4NjTPqxScebpntD5gw0uPFmq3aZbjmQ5Biq9Go="],"block_size":4096,"path":"popup.html"},{"block_hashes":["NMx/0nsHbHoW3d/0d4V/E/ZFpgEb5+rwCjucXh0fntA="],"block_size":4096,"path":"settings.html"}],"version":2}