{"file_hashes":[{"block_hashes":["M937R+u7MtIcsDM14vIgZjCSgdMl+eKFyewW1j1GZzc="],"block_size":4096,"path":"background.html"},{"block_hashes":["SoUb5POTdbAtZE7701XX26bTzmaYJdqCoAndTwsIY+Y=","YkkDmlS6QQnSuYX/9XMsrMw1bItBZbHQpPBM/RjqnfQ=","1fO7r3jqyGYqJOF+De9Y8ECpG35qIz6Uox7oKzsTGdM="],"block_size":4096,"path":"background.js"},{"block_hashes":["qjTnug3WrsGrTioRZPRYDXahPUsd7crl/tuMtvs2QrE="],"block_size":4096,"path":"config.html"},{"block_hashes":["TIfsYDXwkGgIy+3ChOYromlNBxQts+x9RyKapHoDMpE=","MOwx8Qaceu5wbTxsSfG0Jyy9JAgfsRsh65H78LaG+xg=","Mu08y6ZDlC5BbSFPcUWKiLLGk6WEeodsAvuTuCJ2oVY=","sU+wbIRSm146JNq7bYMYuREdpLmTNE245UMnwsTmPs0=","gIQLcFXfbGKVYHTFLAGRzchYcGDV7Y8G/ItJBpI5tmI=","p8SyQRZ5hDUhsVplH+Kovrj5PEV2+VM9GeeNY18RIR4=","j0riH8wfjajTg2DhmVTwhe8oiHkFZKboPhBwXaOL7sc=","n8VH6xuem4Ax0GKe8pr8WR9S+dbU0Dg7cVLbGZmp0yc=","EgXUiRU9Ahiw9OGIqPsqZ0xQ3akSnUhrcKpJXQM06Dk="],"block_size":4096,"path":"config.js"},{"block_hashes":["xwu1NDyDJEWjnduxQsX2gxl4/rnX0AY9qkf8XBdddBw=","YkkDmlS6QQnSuYX/9XMsrMw1bItBZbHQpPBM/RjqnfQ=","CmmJcmheTMxsqYWG+YwiLdD5hJ+T/CpclSfAJXfhWu4="],"block_size":4096,"path":"cv.js"},{"block_hashes":["GPePYEyxnLws4GMexZvR06lFDt2msTBPXcnhuN+FREw=","Er8NiA3ptx4Lnmz5GSuDEgZPM9oZKNNXSHavhpXHIMo=","RfpeaNbfGNW+vVVS1SG++PH4NgVW1haHispmxBA67I8=","NeNZ6oWFh4tkY/N58BqKK7ywqZuZqF18lgU/u0+ebWs=","3jxfFmEJ2I9UMzpyj8DtPk8ruqaUjnde07yX8OJeeKo=","aknnt6KYGLat9/jit4r8zRhyX9FJ7lSkwoAc8+0UaLs=","UVepA2mTSZNAuHuB8+l0U0nI0C0uoronjR0VUy4ZgKU=","rXaoqDjpwHM163dmQiabDbtrL/rKiEyRTW3tXwQirX4=","7WReu5vDpZSvXF9MNWKEPlg/ujKX5NHW9kBoi7tF0Tc=","xDiPCoQvPo3+3pzEgPQVa5ski3NCNrjvhfr72ePL4To=","TZUp/HKsKTO3SGB3axAdmHgnOBqBk24dUdQUf+QAnMM=","PJIbkQDl8YXcJUZR6g5e7Dn2COf1RLBHVp1nfSWSKYQ=","98OgGOVmE8DGECNKQLt5Be57t5hx8ZsnGuLklJVhJwQ=","DCIoffz1Fkz7E9c2XWYtWBahY4s8fVy66pKVSY3/x3k=","goB+sOr9ERXyd56TFTQsPuomfd7BFmQulXfWL3b/sJE=","Pev6YpkcSIfCneSFb3TqfIvjNf9U3NSH5n46t8i95fo=","YJi5p8wOivfXWt3FGawIbgSSu5HZV0LRa37KKcsOfqg=","QlHCDTGLlI1Xj7xrC3++WzlBx3FxvCuNypfSVgnefus=","HvlHhgyg2/zyi+jI4tkDhvb3nC6IW12YisVrUuUR35I=","iCHKKr2nQ1Bk8O25W2Q+g5x3uYPbL3+q1WVRVQwRMIY=","94toOZm3Ypr8QSh5oL5KHKrJfuhX6UWJma7eMcudtss=","+V0cSDXT1VnboBGxGJCzPfYV/hRV3oY0Z4eXan9AtoY=","Du2hSAoFtP/hK4JBJ4cEVlZmjfyj/BQ0089iCqmT62w=","Q78lVt+Rd+Iv80efgcNYE3HU6Nq3KdaapSEXdb5gJhg=","2O1emlyS3wehqnJ/xDcQN477y0oisSXPEyoodq1AxCc=","3FdqcBK3yd7kVlDa+1GBAwyOdYvG+kLnfN80qu/D7Mo=","toAWb8YwKBDAS4zz+Qnp20KbETkdcwr6pIwy1NVkNVg=","T7HrL9wHlsiEKhGN/fVamxdyB7FhTIPAHL+IW3Uv7LA=","fk5ls9yWU8m8hdPRPCrQ9KLlRNP3Vh9TAmOn35qkdIo=","QZ+PNP/U7PMOZ69mI3dUW2Q2c0qB0B5xW0XzcyVQr9c=","TeLzHMYg+2hkqH5aOD81jKgCo+LewDA5rf4J36cxEDs=","KEsK3nBsbxvc2g91kSDU/csPHRAjyCZ9q/i5dHaon0w=","ySzf1QCsCPxAejsYotnQWtY4l/Eha9OoK7XA8ScT6d0=","n50h5vYwEk5X6uN5j1yiqdpSERhivI8gaceb2Zr4/Eg=","hz539fUcuwLLiLJMrePraOm9troMfMY/4Ho83S0enrk=","RjmL0vFFrMs2MJhYf9toGC/YGupD0NLeuokXRcmHdUY=","0hUXQ8gSGTfIbCwq/Hvj3RgcMlOmOTeoM/UtWFoU2YA=","STs4Tb7Z5mp51wiF65g9XvlhqpHPhKD2QctuM1ZkIQg=","7xkQ3L03PpjZ8wyu1bXZ13kcNVyUI6zI4GnHA0r9ozU=","jhiDXiNI3f6eKRH0SJyhLQOQUpCjEKKvMf+EXQfutjE=","4yt64seHKHdgCDqgEgYoQ3zAG+Qw+D9JvQtvfvFPMtM=","FHU26eOdvss+moQ9Yp/rkx6yjQ6ZXKnbPETT/iDoFDQ=","hiCXVj1YmU2lplWdHDpHrMYUtKdrOeQBnIvU2JphvsQ=","2c114gl8wmTbw5y0Fs3DRzebhZXs4/Ivv4O4TKvNkQA=","RiNfQH0l/njffDCQk454cOR1GLaBpKX5Fes7bvfCh9w=","dCVjOFUmsBHvXBdp6MeqYCs1qWfo4M76Qkkh2vNg0H0=","829e3F3kYb8rRjn0H1iNHvqAFOR/9qopp5oaPn/P5Gc=","lP6k7WSqYoJsqT76xDarI2TA0+IjiUhFoUZDjpl2peM=","c1W0xRCzqAESTE9sUvFGK3eNDVb3WLDcKoioJ+DPsiA=","mKRwhoBfpuiJrfnyB46elOp+ttHrPefffdLbIUBA2Jw=","OfHyZNAkOIKG2kvf3Xf+hTNQrSHslfXVl1fw9Hi377s=","eEJf7G/g6uRHw2MPzLCwRum/uHo2Q+q2ASBMK8J1Y8E=","q7qTFFqXx4rsnoBdrrXaNqldI33ZZ7IE6l4qNwM81Tk=","ZDqdKmHNHSfrY/7QEvmGFyRUYu9Wj1c4VHWypanYa7w=","e3R8R7sf948O8VXxsFYU89m9Kmo3bwUWjIeBElZ8sEM=","F/Hm5q06QN2QTLM8de9XVecn86KLEa38CuCNAX8WYz8=","c4ts5MjQ7tcnSXBOKEPFwZl47bBROrnxCtxTIxBJlhU=","hED4KdXZRUB1KengWNWSDb+qFbm8kyIWD+jABoYSqSg=","TehLV5HPjJ5H3Frju9f/sOiCnaaeq7cZz3scKL2jyJ4=","3o5MsMp+C09Rhc+NLaNMO8iMp/n8PoaXuoHMxxk6Ytk=","iXPFHnzMw44knvYetF1Usq3h7lNUvpkIzJ98L3cp1Wo=","YpvQyOdZUANvWiZ2v6lKocICiELNpi05CQkyh6GuUlI=","rZAkVRQrCertszH9XvTWmVxNjp0nfNE8R2TJ1pI0keg=","7THV+wPdy8WE791AbCasnQFJv0YiAITOw3pvoAdu23Y=","Nkr/ZgXdTnLZgxnTFhZQOSoXoheSWapugohgJyLNyg0=","kGoka7dNWieLjODeMykm/hI/69gAns1+jKXGDm9EyQo="],"block_size":4096,"path":"features.bundle.js"},{"block_hashes":["ZrFxyEPx5z/ZmDmD3xj9AMLyaMx+Kewdcp1STemukSE=","YkkDmlS6QQnSuYX/9XMsrMw1bItBZbHQpPBM/RjqnfQ=","kgJ1l+igyV8cmZEgGlCsxbX9ttyNCsgS/RVsHC8J9j8="],"block_size":4096,"path":"live.js"},{"block_hashes":["tlTGcHRiB+d/kXrwedVPt3n36WzDa2qLATBqZULGlmw="],"block_size":4096,"path":"popup.html"},{"block_hashes":["1CeyOAP+lrjfjjM0yyI2lb3jPU//JPkTWhY4t2oe5NM=","YkkDmlS6QQnSuYX/9XMsrMw1bItBZbHQpPBM/RjqnfQ=","ZhLbE4MotVWt74oVrJWk5pC/8H8F3/RB3OXfVuV+btk="],"block_size":4096,"path":"popup.js"},{"block_hashes":["4HdFj0X+UPIaETSHhHDOc0gpy/wiQUfeyiAQgiaz2Cw="],"block_size":4096,"path":"statics/fonts/bilibili-helper.woff"},{"block_hashes":["fBcKVOD8MMTFCjhkqL0hiX5oiBVouviiGJZeXj7VXcQ=","LEJtmipOHaPUbj7wFYPS60NE8I3/jLIRriDciyaOBdA=","CEkZ8RuUJATbu2kXgdsa78kqT4xnTvNp4uzB73rgVuQ=","ArKmflcEDrbo8kcOsnx2Ch7qsi60APaJOu3RXlOk6GQ=","7F+6gP6fzMuCDVTVMa047VbAq8K8NTuRFKSgEK6I/zQ=","QfnvH2BrGR8j/JKrNXJPJ1idJ0LJXo/V8Xt/2hoSILs=","fOPKjQjLIiMuIkZDZKGTUYMiPKYaYsr9+vhkVITYlo8=","Xsd2Nv5q/9wbZx4KUwk386VSnfCSM+hkuavhHmpyn74=","8sz9Tl492OhGVpOkx9qeMETgY9iga0WA+E5wsuAih3c=","RBH94EzlKjBjbkGQ5AYMUXtr84dGXx9ZCtxcASgdy/c=","/pcHTb0Lprq5m1tJaicPWjeqPTgkVN7fsBw6lucVNe4=","hQdFckv9f9hb195GKJw95toZ1OZTmizDyV66FwHr4rc=","2Rif4rnsZW+gfSdfW12cIwTuwtq7Osw0gHvyxHKVPkU="],"block_size":4096,"path":"statics/imgs/alipay-df.png"},{"block_hashes":["G0tronqSxnOPazVCkln9cLtRjE+edP6yWBTIA9XShks=","Whk0EJfWKfqhqF8GoUypKanIa5WqXw40YaT4uHrHJnY=","QFkBBKsLA0NarMhZldVYs8CnounN/4JgJS/CLrt15qg=","YXyEdIfA/7+X9/klCEFf+HgebDq3ksbL4PGQ7IJ8SkM=","dBzqSKPnSH9z1bC+XYG85niPcNelMJ4VA4fFaM9a9SM=","d18qgdK1bfV45ogBFDBVM+i8dUxH4yB85/8wMS7FfUs=","QPsVqJbNrIO7Q/7EuqxH7smEveNwsvwtD495GY4128k="],"block_size":4096,"path":"statics/imgs/alipay-gugu.png"},{"block_hashes":["fjDgb6nkK0SUWBQx6jSW13k25sJ2aKGV3wEjHMqWr1o="],"block_size":4096,"path":"statics/imgs/arrow_down.svg"},{"block_hashes":["ztZAxQ09eGMYMzWAMewSyxSdyoqZldP9hkNhMrAvj1Y="],"block_size":4096,"path":"statics/imgs/arrow_left.svg"},{"block_hashes":["/p1qa3+q/Fb4i+le+cuRxJGY2dsEtMtygr19CTmb+hc="],"block_size":4096,"path":"statics/imgs/arrow_right.svg"},{"block_hashes":["PBCPulHjFkc6shlS3AfpXtn0sXE9dWC9C6vAWy9iPKs="],"block_size":4096,"path":"statics/imgs/arrow_up.svg"},{"block_hashes":["lOpePnfK2S1gnvOYM/NoRXkXbmVhgGKcYDxEcDvM3e4="],"block_size":4096,"path":"statics/imgs/cat.svg"},{"block_hashes":["EoaP8LR7Sht3vNUi3aqsQEla2WtOu/oallMxWq2B7Gg=","2MsnJfRF+DfEQXleYh9Y8EhL2snRBBS46boY6GBWn44=","+Nj+lgzF065E0Cltm6cNW3AhGZkytPNq/pSr6/bqaoQ=","V13xqi6httErEwwHafA31gqZxb46imHaOFg0dIn5dCk=","PH/hW2YwR0G8KJS+6R8F0HfIHCOo3q5mbUYitQCTqL4=","C06qqbFtCxAu1IpYnPO8rTjuBx84BGpQgev4w2ZQAZk=","0eQKGRqcoeL9lZ24hiEJgTOxDTJD5JZm/OiTjTW3zfk=","1Pvrx9FVxZ7hBUdJf7up26W27cDj+jF4856JWmSY+w8=","uyWUj1RKnRMPmsKImY2oW7QUWyFiME1RgeoX5RSMsso=","frJ21vDyxdU4mmjJxcOdyPw3ODDK8o4Lq7FJH2gjjWY=","rty8zkzJoF4aaLWWVNaVWT6z0Zx5qysOhFDMqAXyTHE=","D+PUmOUVLknbaMVCllwFijJghPt+AlnCKnuj7Xw8yQY=","xBp4rKu7WyRQGdenn6JULJMjSt7C6ymr3ssbLpNr6Po=","uzEGdI/4Mxs+y7w87Z2H89yr9BLJh+fe0JAoql116LQ=","/TO3vFz4ZhEPX3IRvlICDXs6n4+4I4lFf6Py/ILy4wU=","UKbDucINYcIlyZ7oQCgaJsp9YKuWBOLcaYfdM8hdyOA=","zDgkWE0OdM9a9rn4pBL3mDbp/ndVRDeUWV0IS14BpGQ=","hrWRdlhjhbaA3JZAAm9BeE9EIRqeuHvAGy8+PCbegM4="],"block_size":4096,"path":"statics/imgs/helper-neko.png"},{"block_hashes":["UkKyByhhKOtfxaPUTjn4EC+MjencmZ0UnMfR4XFq4JE=","NS/tTGMWP5SNR50Vbueq4cxHjGikHre+e1311LdbIIQ=","AxI6TLb7eyLOewdZCWrg93y96a7ODLvhZ7q8TEaHyLM=","ECL16DzWTp1KQONwkoVqC53kfJqNhGDOUuSrgBb0KHc=","mOXYgSu/feIHkibO5hT/FNvrZacfmf8c+4ZhB2d9GNw=","pRukglPme9S7ecqPyh4IrI6LhO0WoabKaIlfBSgLo0Q=","d9XXJ5Hup8+E/M2T2iFFvbmSAhglGxZrHThQHKC4NUg=","JsCCaEDwqxcLdxBZKBa5Poj80DJj2c2+mjXSxdH/xoU=","xiAh2vRqo8MSb/gleRNXVhcBwzDOHBVJOaf9FlIt+ys=","R2O63l3r4E1rDYu+KLb8vrzbLf0530zmkchOIoRwOJc=","ZXm34UmeCEKqvYOzIA307eey04UAXKq2VP6ohHsgGGM=","NGDYAwklT8bvp+q3CoH8VPvQ4r6rEoILaXEAL9CpR9g=","iAQPPg71VBPmVQbeZSrk05/bGzq4GhHxaeH7R/2/lD8=","ZBJqyYVBvB5UoG4zuemAHjvMKA3q97f9RUqF3uZEzk0=","nvDw+kcfJZ5s6BwuDSgTPkfdWIOMMxQ4CcDavz56iAs=","IEFZ8/C1djUlTE/9z9epOHekAYtXS3KyXuETI3y/2NY=","xt7705qCAfJ5YmvKkuws/OJciDRieTXohxzbeRnxv/U=","PvYCV87ePSCrE5EF7vJSaWByLqv1Ylt+vgoYfLwjXmw=","hjUucxsrQNRXSui/66R3yJrIdEoNEEpEy3orYGgTulY=","DeeH9zb3TRItehFpl1pVecUtYFvITcCnICN4J4nA2Zc=","VWqx4qd0HSHcj/sE9wCpxI3OH4Ge6fCpi6iwSzFQ/dw=","tkdjX0I6aAtQgs678IAfa7saBE6LsEwyBcBMFUh1Vzw=","lpxkVzjc9extwMh3dEPmEX1ShNUxJtXC9BUkng+dBvM=","kIeSkQmrgXFLaTPfVC9s/fo/H0V8Q4iy3tWf/6PGZLw=","RVotL4eN4Weypd7z4BcDB3xFnPy1EL8sJfl9/1rtBdk="],"block_size":4096,"path":"statics/imgs/icon-256.png"},{"block_hashes":["Hq2wB2cD/1TFe4+MuioPkOn/kVUumdtCV0+CxkmkDck=","6FPUQD3D/h5R/2swZhQcV1b40c/QxaNjyflGt7xRws4=","4EN21S/kAFculOVUPZvC5zvI9iw4erEByFq7eZTDQq8=","Ku9KXGdTn9Zy3RoAb29Tu8dWAVgquoDvXTHPv7QrOhY=","fZa5SpXXTpUblj7B7gdqjhuB0oOhlG/Mrh5dcJeuxkM=","if4SFy/SbHK41v2Qs6cOHbqXBTJVNs0PIYJaP5kaUoA=","nFv89cE2pMqgzjFker2juqZt9fYnrGD0X5eGBKD3jW0=","d+3IRQL4+6YskNCkp0gmBqJnzHFg12ul1wXgUCbpb+k=","Q7Gb1oAoRARLHy7WV55xoYYu389a/Jifgtmc2ontAVs=","BqbEvUqgsVBX57LkNTa0713+I5Sz5fuYoco7giZe+F4=","sGaQw57oR5OEpBZfLgdMW/Xlz2Dj0Kd9X+Bjahwrq/0=","KJ+gG39GLb+GPZ8WNqjRmLKMhPOVHT65vJtWXOhpyKo=","D5etkmhNvp9A9r6nhZdUvpU481e0MuXi+otUiM+6MaI=","BQhXixM6MM848JeWg+IKFFayNmXPLfZBvwy5uoPXqSI=","/QbOGOCKATkQLU1kYJfH7XwGH+en8YyEaOLEChC66jQ="],"block_size":4096,"path":"statics/imgs/icon.png"},{"block_hashes":["SGQWxn/WMqt4Md7w1cxyfV0sOasq4h/KhlIEoZg+TNs=","AnGhwA471q6ZQIUK8UPHAyKBiHw7veCgXkbRf1HRB4k=","ECHqP6c5O/qGnGpoxAHKo/y9v8swdAnL1Ein714RQh8=","0lyD0gag22x2cAjnzN6ERu81BqCGhlkHwgBhCYltJwY=","Fjc/ExmjK1+I41VT9x5mrtJ4l/WY3bSCgMycdLroqxk=","ohzIgR16+rn7ei8tNHKHULFENxwOoIvtJb/Ikvx9Wg4=","KDVs2DthikOLvh/P7Sje3HhWHrY1kHQVs/C6HawsbGo=","2p9DIYqYbaFS4Qns0qJs0QdO0RLR/e2RkpqQ/1VztXQ=","87212umKusUjky1f3sxOgKuhq6l1ANMcZ1RHHh8YnOU=","w2eAcECM/QtuBHx9loMNmtAnrZiZrxNzk8FxPsP01v0=","2EzdB+Rsy3aHH9hB/vPS87SR4ViRHXHAi/myUjdY2JQ=","qO/iuWk2G226BEAr3aS6PvsFJY7hjzhoCUfn3u6zAb4=","joJsG4zuLMnHBRvdqMWlbugwBnifDcYtIjMDrImfTgM="],"block_size":4096,"path":"statics/imgs/jinkela.png"},{"block_hashes":["2xmPZVhtKu78feB1jDVl1kH5HmhA75rUry788M5bJXQ="],"block_size":4096,"path":"statics/imgs/loading.gif"},{"block_hashes":["k+eF8+D5UMiKUyaUs9ChsqyZ6jS7AyjZwncYPWXIC8c=","2js2kPmxBPPKfdO332QUAyHTeNgvHYOVYOt5k1V90JM=","dvcRMvy7jcmqlLrGKD9SoEW1emDhOFHcuMTVTQRxyW4=","K63YoCiPR5HLiy/zEu3H++kSptX4tqTwd99tdDUOrjY=","yK9iqkLXbmQsowDWe3zGGa+Qww+B1m5AphyAKRw0lH8=","QWOnvcKYVjyzFNv+wgQnVCPV4wX6niXV0gU0rgQdIHY=","IjsrVkbfEzRiUD629d2YG6bfkZipbSUlXN7B7sQJBN0=","Whk0EJfWKfqhqF8GoUypKanIa5WqXw40YaT4uHrHJnY=","QFkBBKsLA0NarMhZldVYs8CnounN/4JgJS/CLrt15qg=","M4dWeE64/i8V1UkKt/7fp/GCFi+DHYfPb9ZxSuof3Tg="],"block_size":4096,"path":"statics/imgs/menu-icon.png"},{"block_hashes":["rm2O3HvA1B4kO/XGAH15Ua1P/BOGpMcaghV1gc0x0bE=","qudEFEKFq6AqJMlszppvjT5Z2PK/04gAIV3ZJiBgZ6c=","J+p91mQ3Y+qFlWYnfIQr5weDZC5/ut5PZ6XWaHaUpWg=","+T6sWKWwVUcYLDD2PefCE2UTjGF37LeUpUC+RLOyTZM=","HhlRKjh9wTIi71cs6LbZC/k8JgQHEB00HGDWDsaH48U=","49umOw1qh2Ma8lJK94Q043UgV+rQxf0TjiNuEftyZxk=","t9E04GhcvNr+Q+KMvRR71LGmPat1Y1owsNOHtAy2Y3A=","H4Ic0LC+CAUugdudUAvzRmWl70wM3MjuiPZcpieNL0Y=","pMZ/1Rusoq1u75tQ2evEiNATp5AZAANmirz3RDMjvtc=","cK8FTVTD4rTuMMOJGRLkX+lR0fJrmgSfzB0hX6tnaFY=","Bl0loST+kUjHlUKyJpnGkD5fzaPwYuC+m2oVpU7nPF0=","hfM43ugz9tycHVb491wwaHgsp661cKcgrErerfPqZ4o=","+WpY5Wt6jNiz7h++T6HtKyxwaq955FAj6heEBZm7LCk=","1GjBpNiWxygtu7lhnZmi/VYYhdx3kttrpx2eqIfsSt8=","How+ikgyjmuV+BmLTgNuz21jIqwBruUtkkKmUtEmBS0=","VOjmZfBnXCAYBo+cWrc/V2MsM7Xn7lLeftiZJAcMB/w=","L4Y9OWAXnXJLag6qhUSwSgMB6U6ZINue/sYMGTQuH6A=","x15MiFxHB0LDVFoYlAsUNI60VpRZpvY8vXxVG0smu0c=","ZFSi3SVuhocQ8KvTuxQSxQo2d98SaM8inC9kVriIVAA=","oRac4VZDqlNy1EeGGttD9nh/ajGyQlz6hE+J2AxsFyc=","v37ACCYPrlpv6zAIDLArzYAHSfNRNXiIZeUXslXhAlU=","YX1wEZeWR3z2aQsnW31yGu4uQKOh00q9nJCrNN5ChqY=","8YEcr0VNqmjZqb/Js4waFI/ja/BW4GV1xKxq+tizS8g=","i1+8oOcBA+7jE2Z/Dd7nPlVNMEhz/B0CyrskNpROMUU=","xDnM/HQSs6mwjts2EFK0BSeZl2OiRrlIxs56W/Yoyxw=","V2cfrUMDP8LzNQlCQOGOZ5aNJvU3cbFVIPYQlewAwI4=","2M2UL9HWoE13R3uGWl6cpiZfPjHd1523U00CKVuA/T0=","XjrHJ/ziIIeNnD+aU+Gs9x/9JkcDVuM0T/QC0ktltlE=","njFzmJxlJpNw8msdnmEaN0VaPCKh8sIVNE5vceXneTI=","U3nA4qe8Y8JYNIB2S8KaihNAFgqzrWFnjhhPQUiDaXE=","5aUhe5GgzmSjDlCYCEO+JkPBpJv5eN72+oG8f85wIAk=","WWYMOUi22iFeMC3XcawY+hWbWMrF2V+zPikGlxqCfTU=","630PKn/h5g1MCfHnimZP6/aEOi6sGdTmySaHG012otc=","4Yt2eJnsiieVAvoQM9nnkN2AtGW+p4xZAHPeAf16HzE=","2J2a6QvCaaWMRAJ4oA5R0kg7fRjn+j20f9a0qu1KXK0=","kni24eBNgFNINUausmDTHUokI9Dh7Csup1/wpg4jsUY=","QP1JU3WNLa7zgpl+VQq/qNqSxm4+pAsKSqOB3bQMdug=","KeDe7MK2BKc/zmi+/Zpc88CVwXxdIZ0pSg4xaaDb/ZU=","zUa2onfhxLnXda+rjc44kirtz1XU4n31RFqaDfUN3Go=","r1ynDQgin3SQkOMoxEDFc21ZvGMz5ONdgjYincqOxe0=","FMzaosuOtBzP8j2sPhS8sgzvN3wD+DIi/tiolyeLeN0=","Qq48NXg5pOP0Xr5Fuo70G/5wKykSWc/+43zdC88Mf3E=","m7lJsq80NywpnxLmwW8PI8Xnp+3fU2AL1/3BOk3wox4=","hUGrLvT+O5BgxG39P5cW+6crgjiMGQBQnGC/2bApanY=","b8Jxl7sh77kstoFE8AHL51ONCc0PPM/o95xENBiA6YA=","OYmHY8DG8pbuirTJjKb2IWgU61UYIKNr9voshZ+Ys30=","H+2laYDO22B9Sh0lrkD6ClLMNHo+JqefZ+LPXt6QXro=","Q4VrKVhPIWhOdDCNL9Q8+MuOmzlKtQwTsdE1JM6RhkU=","qXKDdRQwuSL4kwo6BSYCHpEeCb8qCPePr54sSBNVHe8=","Cjh+I/1T/zzxn3vqDoaXNjXcE8CAZTF3iNrXpjE5f1I=","/qjIRR7iWrqNYCs9O+mN6v1ryLXaSVtMekLwMEPJoac=","4rGJV+Mk9x7oTW3TGdhPiwCjjgAdiH4Uoh4ZQ1ux8U0=","vnoekMoPrIOe5ffy23ngKuxfi4dyPuHsnxUw+t1ODTA=","b7pE6OrcZIoQU83om9MMGX7A9v413W1VZfGtZawdZoE=","zUcO7AerIFYBz2e9/R1OnQvMJQzJq5xDQre6P1CN5SM=","F8LhjS7hi88Iv5KE1pKsyX8nGKXEKWvbTvK8CrDfUMc=","y9BpslbuJS0Onn9erFR3myFe3W97jtLle6QgnAVicAY=","wRuzvPTlPDjn91D1U7fwnYHYgw0wcVV9Qi+tmWJi4PE=","CJgdRcU0j2GHGYpfEtEVx3npYiQHhXV+0OaNZBfRpgQ=","ou/YuLvPpkBjgwEopydWtx0Y8ZKpx+Rnpsm71LJI7AM=","lf8wTiokvVzrWPbkzPr84oZy8eNW0Zc0Ey4IuxUwg8M=","9T7wG7RfArdqbLbQqofvPcPHGHCvuth7gZKSKz38WWk=","7yLZJrGiF6YPftPdghYYFpWt0Q/PV8Osif95VuPFXQA=","/MZ22Q9FGUnvq7dNDXmlx2/dlwUKphBHHiahRvWn8bA=","TntNXz+e8xOTVIYVktYY8kMB+jkgBDhmayc2s5JLZ4M=","SZKhPXfbYQMAfKXI4Up1YK4/H+jCkopDgK1DcLzJ75g=","SB4CY49NWbLFxTv9hpLj2YZ2Q/WMD4dcGYldThAJ8ys=","aYmxJKL3E3IsoUGGMuWBwNuvD3evTNz6ERLz7Oj5AN0=","xZr64x8R5jxAyUOkKl/hshe4iKmLAptZtbLeVay5D1g=","KkjqA6RyZT1fn4VSGWt4o3yFwqV1YwZy/E6pEif0v8c=","vlyzjMkWLVFfUDSKa+F6WU60bax8uIoizcz+cCGkzvU=","hPBuKaB+cSVEAypPtiOBSUz4aKt9VImP+taGQY9FA3Y=","yCHCZ0dRUB24BjLGSIUUihmzGd+k/Yro4BIJnHyIfcU=","TicG+Ea5XeNJT4mtfpQRthF4huVdyGf7JsJR8SzLkhU=","XuYLh1EZ2biSkPWmZo6Fy/lsZPi33jaDmpcujtJa2GU=","itdeyRNZWuOzDTKffKIUFJz33JB6ApP4ZNaqJbd+vJI=","iV/jv3m4cRkpoi5CToO15TY/729Hiq69PMBDpvnSgkk=","pwmFmAHrdvillp0R0/7QKsC27+6vttsrJ8PvQiPiVNw=","oLG3BN8g/zMWSWVB48UuMRRccX3p2aEspsipcXYIOGM=","LNisiWKTA63J1HZHfL0x4sSRzKFo3I7Whv5BqzySvm8=","4STT0EdZKQFsFPpCkhX+LyZOVn5K/7Lat7yMlrrPe4o=","/y4HPfLfvxwSxaevk3nKLrOX5aAqFfJDP/yaB40U34g=","QyqEzMn+xYWlUZQXJL1avVOD1tz9ui6X2pe3cYDAS+A=","0dhdT4OZhpsxbu6NKJrwGts350IY5hDVFIP7ayfVCK0=","S8E+wu0i7G9y5lzA+dxDJ7kCUU1oOEE2W6/e9rUmJss=","OA5LNNiu0tKeR06X6Q1tSIg25/aOKANw7aoNBD6bq6w=","WZfvMZvmrdfaRiChXSf9nwvpe8mQGYaa+bFXQMTulD4=","9AjSg5sLAjZAmRueHNp7ZCpV3Fl+HzY1xga1VBBJNME=","zvVXAsdU3t93pFIJYWkLc7e7TfwQCqyi6oRChtiVlrc=","KEnlvVY+6VOYYK0Y/wHQ+onXg+qNxmvHgGJFMZS6AiM=","iG7COampaiXDLtluH+pZ9JIQJhU07YjHtE4kwt7IFLQ=","r8KXvKaRyXCYgOVbIZxRUaKJesRMRHdfH+toGUUqtLE=","vHlceWsF2kcmDop+bUGqNAXikKGxPtbrPeQfic/wIXI=","lBRj+tWybMD1NeliakUj0IF8PMv364pTx7cfsQgvapI=","bkky0hivBv3A7cm8dM/u3mymJAcS7jtCkQKYrpKTHFA=","Gz6dgrc5ajfTDdiGqoiL2yJDyKsY48aQCP2an3xc1X0=","hkbCYAKEcAXV7jxxbrt8KtlnsWYM+pWfyzm6hquolPQ=","OdVJhl/Rr2bmMN2pwBq2eYFiOBu03ujzmKWgInmyVNw=","a5f6Wxn7QuFw7gvUGHMYPqmM7z6CF7jETnyt5ZIRPv4=","NRzwd4ASUC9f4paocgHZozZnRGS4pSL794cfUyU1d/I=","oTAXDCVNNiWR4eaPr/6SfAScRQU2mwbG0D3JRgK/BAM=","95XgAhrcpcDVzFRcKYHfN4r5W/chpCGq7PXS8dph5J0=","CdgKqk5BNOsiCtfjSyWoDFYK1pkHOXaQtN2eJ6fB9io=","W9wREr6SGqaWVeSzLalJhnAEMTecJ4gZyOjUX0gUEow=","Lo/WN3SfvRfXhpqkf2lEFRTiDOvwLfQeqX+H5LdC+jg=","nSj5URGTRMp+yW3uHMdUGPkj8brQLIwQo9x/AynXB8k=","6RFjNfWWM/BvTmDkTtJqvFLOYHOwJC78oZaXB/3Ohyc=","GV9lLvpFhytvZ+XlXSsYH00enfYkhHmPwTdRAiDrarg=","G8cItovcCBUuu+2UTebTNx5BtzQebDQ+Fo7lPHYsQV4=","vZKL+cPmp31c7QkMHVPKSS4VsmVHH01CS1CMgQbjBbA=","Gr37S4L+90jXvVllhtLRXA4G0Hehw766rOf9kKQm/5c=","qVG7y4Sp+NkHa7ybU5rGsFJ3YVrrfk5cxxXNUVqwjlQ=","f3fp3ZTEMmzCnBIgM8umUSJAM5f0gJxhKusc/Tbs244=","vfAjmO0lCRS0AeCG9jUWmpuc+tmXBmsLsLKE6bcP7yE=","MaPKTRtftLi/3jZeCpKc0erPmHPDnZJQasStyvXQqU4=","1ROjUcWpCyiqkr/p5vm9wFoikEEXF5XUuQ+9An3sjA0=","gIb9VUn8CAOpJuu6eSx0X5hZMqtn3sCxzNGn5keaUNc=","o6BenQfrmlFCCVihuqothg8jcr8jFLkYQAJghU3Gtzg=","S4gRw5iZ7HVCgKIXhXSjDSnJkdeapEx8DSPh8EDshi8=","1wb/bjDJRpTdsMIzOF5Qa1h2vxQFbmtzYzkpgf5ZXFI=","7U3wcRwIZIVgovfzC+991o/z1gCqNS6bK75YNbYxEmA=","/TyZoDYh/ko0RGE9tC1Nenxf/2VnNvqGbS4ljux4ecs=","NJRaKOufHd3c/J3e4al0IPMrlTdDDOGpCGcg6VI8sJ0=","JUvENz3ySCDLm4Ug7R6cvrexIsIfHjL0X55URI6AaKA=","1yshnAJzbisFuHAg+ULgUIDstiSAaaI+nwh9/ma45e4=","XN7u+np3S/AFbgwJ7G5jFUjed/QpnGYXeSCAbfPq170=","gQm8swC8IALQno0nwP8I8WVnJlp0gIAEsBmZBqsyRRE=","bzdzNd8Oru6yhk0TddM15Lp5ci/EYX5/yRMb+jnrJDE=","Z8SMg7G0yquPkjHfOgRPj2CYeyiB6pn2C3EYzogw9Bs=","uTtaEvjnfI8/Jq7NKYJIAT26EMgu5X8DwHzMyA/IjwI=","8TivpbYuyK9XNcT0kE5c8dAqh3TK/d9ILl34Jc4VuKQ=","mPRTxlXVxUWEU3ZaWyVR4NAs3xe6MwPfyY4dVPLMzqI=","D9UUhEBm/psxl+Tz6c+6mw8TKsAgxEzAjJZLPJEqn3I=","5yQj8NOmkWcPOwPH1/8uu2p26ROdCaURUFRWiIlZS3Y=","ElAdqXQRC0lVSa54SVKI2lLsLOLsgnrkwUaKLrb/E/M=","j32D3NDisGhls5mwHVoi5EjGYO2gGAI01n+jx773Uzo=","OP1sHyj655+aIrqO2IjPhMi/hXnW+y/OIdnx4KJ2GAE=","UGPa1cvHipvGGNpgAPFWgN+vo4pG4wtfzVNi6XA9mmU=","CJv2Sgd8htoGC3jAsxvTJ1t/Qut9YQqfs/NLNO10wgU=","ILlUMSVJRG9tvm6qxFPG6WM3bOGh6AjtFfzir2seh+Y=","PzL+ALSP0HNb9afEDeal0Coj96AWkld6QV1HYtsXllA=","a9qtl5+vcDTWNYVSvPuFaMnZK3WFWJ0Ay//ZZqV+AII=","JosA5b+ixDifzhwCDJIrTYHmkSNKDtePpFfeuaYXJVo=","HOaeE3zm5KNW/QNvQfe4VkIvuRSARAzQaOVo5AxzzsU=","oyWfy2JoapfZK8IGkECqqOqABbd+99yvv78ymu9/wpU=","XPb4DvijcVsPbS8nrDbRueSi3oJ/62fKh3bRGZea5w8=","1XK3P0nitSibxl/YhLJ+plNrZzadqGQLPaHwm+I8W9c=","hKAQVIXxOcJFGePGBF9kIlX01WxXS682dXloRbohHMw=","N2qfCDjRPJ2WsTKgvKFDLzpDdO1SCdAQE3DDqERiy70=","Pm6RhWR8ibSgOZBDPJZgaM5BlStJ5xjfqKeiZFLLbOo=","zBosPI7bYMjpomQQYgOZ2SCRUJ0ASBMUUgds5lat7Z8=","FmgE8kqL0WhI935Vqt+0mXgRUw7IYD72PcVlFpNUxJ8=","SLan06pJcU122HucplmpPiwdMbFbMbOZ2saQcxqW/+k=","u9QmaVShNT4+lLOAije+eB8/7QPLmWdZEntdJAxk6cw=","PaOQQbWvsVueobb3qHld37ZuAxuDQm4jyPM5xr1vHSE=","XWQytx50TF+RsS9YKIAO2s4MX0dmBBjkanUwn5BVa8s=","2IsjzcyZ0J+h91eFQEeVpJ3gbpcBMIoy2fyIyCVYMhA=","yv2CSmwBNlOkgMEd8uam/UeNDgffjMpj7Ze+lvYxqqw=","Aaji6jd0R8G7IUV+QCLkDlcU0vP04OfgvJdX8fB9vrY=","uqy1m0+7FJm0CEerSFAwXTR9jyerWhtBa//z71rKn+Y=","1u2yRkA1SIhVgR+BEk/9gIOqGS6yAelRv6+yvuJpQW8=","1utW3EqwJe7jp2lD2iE2QiLgCdMB4SestDGDIww9+0s=","lfgaxH1RcBo3FEPTO1vjzWKVbqysdYADmI+YmlJEO1M=","k939Vuw6tUxI9rBIwtgZPis+AyB9R/MtWm7pJqwmUhQ=","u3LHQSbXVMlgIv3z0+ODLjb+tdPQfCcnBA7bF6bvTQA=","EdmiO6rwmrxa57LAAfk9ttB59DPAw+WcTpVOUkFV+Qo=","+V5+26HjcvdE7latS60c6QjbTqwviIrcwyvWTuEBaZs=","mlvB3K4LWxk4jaWRa5VU8pneJ1b5ofx0yJ4O8U36CgY=","jqV8H8gPdslJDZ3ysBuB5fyPInfjWFGbht/HQQMQ8YE=","eQShu3wdtjDfbE0GW1SCn0E1g2ShzV9DAHFJZnrt8H8=","Iy+n4iPmSSy4jktH9u2EObEr1+ePVc2EUFhIxgT23+k=","RPfuWWC8KRyE4RmskxRXh8tN+oHaB0TQgip1rRSe3uE=","1M9rkVCV+fINfUNOHoKdzZPDUUoNJHMiiYmMm49aUeU=","FDIHOCp8hDz80L+MCi1A41T2rWHH2eRbIzCCWxEHgHM=","/b4FS6GvvRmTzBUYEQH++pUa8IBo66OQlVJCUHpBZYI=","/7k2/oUByh+M7hhsoPAtruNJKHA7tfmR/ItR8I7fNtA=","bX1DDBqCZRYZHPSkpU6VtMxSaxptVAoILg7AHuAFM4c=","nBt9ccsHZYT0aaMG/NGaynbXgDdeIT0ziu8ea/iw6Qg=","DqfOO/hjdF0OmAzcp0vPxe9EOrlaj6qtuzBZRc4uR2g=","OGykiCIrmruyaZD6QxwvlSrXMZ3s3+Zx9UnN2BGwNHI=","0KJdadXB6yXHfb8o70N9sQN2ieMmroqxlsWQg5cwiQg=","+27KUTMdfgQIiHnp5W6T/0whPpvVClatClyEaxIz/3c=","rwLcq+Jdxf5ZuOSqeRqRhfbnD7F6Jxwki6XFeJ8x1Og=","ZMgVcSz3NjsoxJvwbMf4KNfx0ZSi0TtDBVCjk5jTVHc=","KqViSaOseYClF7PARVBPjlTwSoUpzeZJUXRfF49Oubs=","YjjBuH+QzGHMHRKIdcaFAY0SZcdxAqVowrXRI9Klsv8=","e/ugNfpKdg6+8hUly/YF/x0lx8jUMbS8KKlOLBxC8T8=","33Rx4hQKJjLa5pzBsdOshfLLHmfFOcC9f2bJjHaxj/k=","c10fNaCzg7qlEWElpxGiiXBrnb9LCL/ZnIMBU6rxWts=","OxQ30pG2/CmIX47TEUkoOEyb72xAHcmhPdwNEEMXeRs=","WoVnsetQJn8rHyq4nfycJK8m3jPaqBnl7WX1uoJ9gG0=","edKhEUcB8DSb7Wfd90wy0iE/qN27e8ZNCHsbisCP/Jg=","+amZsxZlOmQPSlTys4X3iR4E7hRuAxoHrGUlJvHVfDU=","851+XRcaSVXOx2gwi05jwyuIvIC1xD3StWi2bo6RdS4=","LAA6lQGzEq+Vbp2TySTfcGCmfvhfVKfV2naBvh605q4=","bf7/NbaPBOS5WPwBGOzlQVh82X3Iufn4sH80LpwYXWA=","1ToiiJiE58c0UDViSsiGdJ/xsy9tc6VhRlSv1j8S9Pc=","T8t9E/dhgFfNnyhDjwEfUlM/RHzvuRw7KOyHCKefBQc=","R/f2o7ejF7je+FDIN8XvZnTGoVaxGWnKtxP0990ABBk=","XgxQvvbB5VEhnsLIjTMTgR6xDIQ9eHw60BfFPGewGv4=","YnJfLvo6b2sF8JeEn/Bxuh3Va6x5gNC4RD6mi4CqEL8=","YVOeZ8Nm/fNmJpNH7Nn0fwLspMDnenZxxJM8tz74hZw=","DM++TpsSJ2e+TLShtGpLuy0HuasDJSjaKtL91kWql0Q=","2kBVmqR+oAXk4Fa1CS6I1ROlcwMiV25/zHWXdVLkJg0=","q1VUS+Il8sE+x3618GeYqLEFZtYvZSsCccxNg0DYYtI=","ALEIYuQWeywXQwlqEJoljFOzLCpL4bFUOn9PPAAPMKE=","5/KkvyQ1MjSAcSsmfpzGa0S4/nVkrUtssmVG0Murdfs=","AseuEHzR0OgHao+/TwT5jXkheRcrt1y3nHycR7kMR+4=","jhMOP45Y34iZdBxIK9WzhsjrEoicfLe3mieaZTkCKoM=","afO7xsD2rlk5KTPv3Pli7hE1lVuzH5WZFIWlp6Cl7UE=","3p/rlMwC6caReQYKJMw9pBd6fDR7XyHKU67BTbVjR4c=","W/3IwNoaY9s34AS2wZBZBrNGuIWsTu2e6YA7xHSbsl0=","I3swwWw6XxWjEF/21woXSAJ26QWwO/IktpgtfamIZF8=","MfsGxRckS/fvcHc2sGM3XPdnpXIXk6tntHtn0v+F4xg=","49MWV5qVOlE40vzbHrJBtnflg9m49VR+4CRErMNcSxc=","3xARKu6PuE99OVsEbzFxRcqFe7UgZqOKCtEfT36TRIA=","7IKHSTuvfLJtb7QkaHVM6RdgzPdUMQiyQvcIxaFF4Mc=","qO1DIhSGSsUXpy6matZzT8qrTderGAvz9j2kQYXYqW8=","qvVO+opj/eSILb+/9NhV8XpAQBw06BN/oypm0p6SbLU=","H2nkXUHoqS9dqK/V1Vn8V3uqBYYR7afBZuLb/WQ3e2g=","KOuUrgz4bL80rWCIxRwQYdg/T7H7ZYTSHC4u3Ng50UA=","jng4iQVW14PeRnAX7F2rgUY/KI2kBIEMFKEXZNRTvI4=","qJHKJ+RlPRrdswDsmvgSyJuyd4CtVshGd+0SSzWdC5E=","GUxpqURDNYpseAs5UjRGqQhWDKDzJisYQ23ioUllJYQ=","m6hr+K3y4dAWQH6qFmv0Om7lgpAdp5Vvhj56S06BAic=","C1UH7RMNaSajTcjT4xFwtt1YEq9NbMihXiUXyufZNiE=","mQ0QgZhJLZvI29EQCIFGpLZKJ3bXXXleSdpTLGEv0oU=","AkCAj6S+K+5EvvSwvdYQVIoQcKOTrm6AAvyGk/mtN60=","7aKpQT3Z7evgxz09DY1N4hgjcR2mdxcDvAJQrGEuDos=","r7O567yfcsb1+HWi80YpWp0hLQ4hQ050Yc/l9bE2pK8=","S2Kr82mnhcr9Dpq0jaeWp13ITDN2lCWILBsOH+SnAhU=","rnle2lEpK1N1v/Fkm+VR098jlok9M4E409uUsG9cllo=","llFgvF8T8jH22mSRPseKjxZ4PEdadz0GkL6SlornG0o="],"block_size":4096,"path":"statics/js/ocrad.min.js"},{"block_hashes":["chAk/pL5X53UhoDGhgvti290pwDrZpv29SEEfOvsuOo="],"block_size":4096,"path":"styles/features.css"},{"block_hashes":["NZeMZOgeuTqbN6OHn33GCAAwfvX7xhjXzeDq6WkbImM="],"block_size":4096,"path":"styles/vendors.css"},{"block_hashes":["sOzPdjTUeUUcGcTbQC3chJw7iQYK6w2xb23faCZrAzI=","YkkDmlS6QQnSuYX/9XMsrMw1bItBZbHQpPBM/RjqnfQ=","0QxK67AGkU7LU9AEfxFokeK0RBNZOxSQLLjwkHAxnLI="],"block_size":4096,"path":"tbilibili.js"},{"block_hashes":["LZejKiWURVeJXf4U+LwDBYuFOMQTIMty7Tgll5oTnpE=","3kI3nub2SDK2yrZpeuTGBHEa83SlRLvqPSMl8xR5lFI=","auWeW1nvugBebf3ypZtweKLJBXKh/lVj0YdeJ5BjbQ8=","LqSSaXBgaWkSZ9I0b6NPU98V6HTlXWBLrXzQbOf5VZc=","Nj5GG3niKnW110OzGMVHqf2oJ75ZfU15ACypfGcugmM=","UWsXIRcVuG9H1C2TZtz65+bqwZkCp+nHZ+6FhTOIkws=","uJsooUM/KgZe8ttu2FsML1T0ZKTHdkQE7+Rv4j3OYyQ=","4PjorCNZZTASsCKEn1GSFGI/eQ+fVXL9BtgyUArzwKI=","ThkcLjZwZaTrjUmEnc1Bo0wYnxO00eV63xtRR16WT4Y=","RxyE9VayIonVQFmUIW7GTpSoAJgNnW/nmLWd4iOtZdI=","OsdJSsZDBdvQ6aU4LvcYlv6T281IGr8qJjgKH8d2Ksk=","1miC89ROE5skpZGULkrAFVfTBjm1jrUgj/O6QXhL+EE=","KkrbIg5jOkYlfJJgmSxYIR/7ygtrmo3Vom1i2+P6548=","KwBAsqGkBvd4Z82GqQv92sfgnqZdQIy1E61VDYJS8AM=","XaPO99S8qdb230OxnJPkvCgE+fgldn0GURNGmgdQ+E8=","VZuDhiqrouS4EMYtQ2nWRmXENRIBw6uHtSnxcuZqDFw=","rE6wGNaIyFihFOkOMx0WXrW2CijJqPKCNxUDpdOVb3s=","hS3iS02DzTieEuyGkMt9LnBNxxkx/mMl/P6i5AiLPts=","erj2Zn5Ls9jLr5j9p3OIduew7yICvjg0Y31LKy83gn0=","jobEx2GyAp8x2ZBZWTiBZEK2S26AxlZzv/gZtuLqou8=","s3IMKTPx3oIqm6W9mweNc007zAx61oOxK7lnZA620Vk=","nwbL+vY0KLXo9eNmJ8n8gNhKzQmZ78NYHsh6ShpXa24=","PxB/CH2c80eoRRY9u3omqTvL/MFW6ZRHiVuEMbtROw4=","jZjjX4gVlIbRkc05TFOzk+6URuaGguvGTomgXGQ5oDM=","5gbA8VOaltE9SHH/jJ4r/1p0pAXlKYBP3sANWeSgl2c=","SAF67DPQlO0jJvPtzIo52v7/gXQzZoeGRgMUZnMYmzc=","5cmaP09Jt1FL6yvACPcwnETm4Lb8OHMijtq3zIGIgTY=","B1BODoNA9jgNPhCS8nhPhZddm1D+qFySXTwbinCf8GA=","EDOTROR1s16RQDFarlQuzYXTTEpQ4Jt6/hwOU+6fyO4=","Hsx94Cj8fHGX1Nz4R/Lb59/rbvJ/MbCg5bHILZiIwqw=","VfMV0c6Lt+EcoexDuORH0biQm4PgJQOaXevnN2PyrGo=","1ZR+3t/A6D2vOGKl4JZ7ArVRsMXzI1dBZZYbiT+U2fI=","ZPBK7sa8RoeqOOUT2a2TtZbbko7C7r7L5nb55IAw0Dc=","64FFNHqdb5VDi9N3EgCWc+aHsBfuEYq+6AHfrNuuw3I=","V/trD56lTdjk1f0L05trPzpCEI0s90h+eMUy3UGhHfM=","Y7PWJNG/5zEJ6zM7P49VEzeIpuwxWH7VkHBJ5oeg5JA=","xuGMhajXXB9zpH0Zaqo4AmkRLMKIj91/6y1E4EwiBP8=","qt7JK/QdlQ7TdPECS3DoOF47p+RoKEBlDko0dT/rAKI=","iomTGWgz6NyLf4Vg/+Fjk6tqYSTKQxK65Vqe2Iuby5M=","GnppaV7nWaucKqWFRPKJ8Holj7JpAMV8sQLFP1rfPJs=","VysVXEpsz+pB0WkCebSjG4F7ig2mM9rPtn/F/hAnKcY=","X6B9m+MTSTUTnG6FGuPZ0guuvHkSnx5KO3yVcTusY0E=","oWEjySrvCxwKFcQ3YefYYBtccZ1mqQdO7qp/rhhEDy8=","DW4ddqHue9Hu+njzKT4MEFnaVT4KPmBGyah777GRVt4=","dEd7mdZIG3KAbD4uhIYPif3ozFGSbC9TjSY52ukkjp4=","n/pdwXeclzkaNIy7d5EVe4ad1lcmqr08SpJ3LOEG0vw=","CzMRWPqy7gRNaT0g5+0JNZNJ4L4/b7tiDKOmOYPL3eI=","C/viM6jAvmilQ3Mdz63pRptydot2teVQAXlGpBmlqsA=","mAcRaO8sgkF10akqptmvkxHU3Hx/2suXKPT933mXbYg=","Q1rE/XaA8aHozR88EjR7NCgCLd4nFT6j7ZAQ7HXG00c=","9hewkx4CYdJ+8D5qdeKGe04cGx0oaNOFSMK6IixPuOM=","gL3aM90eUMDZ+Z6dN0Cvj4o7PhXxX6WDCDSBtykvpBg=","Jjdb8A8DAyN+pOFVEtKXw8V+6OmEZSDMiEx7yJyOrzM=","pqnAWe1ZRPF9kPE22gm+/lpOcsZqZf8HBRHrafvKrmI=","uH7svUIwz4YzKxVWryw5qXugLP9X5OXMek3Ru8TTrJc=","g59K6sXAN8QZl6rF/lUQBNqqAlpNMzBezLMM1eaLUmQ=","YAKZxRU67SypkL1mazopWNypR91rz+4lzSqwwgBJZBs=","XpHvymVzBkrpba2++rYKpzOJNz4Jhq8HwF/itBFmvmQ=","H3l7Q8PAoYtUMbEW57Sica9hRZC2snKhOcGMwerXeMs=","mCspTAwhg6HZlEMMu89G/E/T+pEPtMHizB+IVerNSsY=","/99de2u6HxrZiRQedzmc5Hou+Lt7xKoPK4XLV/PwjyY=","b3Pc2uLz0PKQuyvJkXg8b7rcWCOTKJ+3Npn6G0gVRMQ=","spJFFkkFe+Cz7nvZdez3K1gsCkVEVxykSxZM7gL6Mjw=","Lv++9/jCSx8safeFOBE6AzVS67OWNHRQRgdHPGlqhwM=","Hevh4xdptzSh6hgqRz2gD4jLm1tTRqPAUf+LOTGOENo=","weE6x+dkus4NLsuwZiQ04YdbvXQdtqgfLwV37ZkLgxs=","t3HqDDqrpZi4JSoWKBs8Ek3ewsRReBWmaHE/jFwxUZQ=","OyBp9KhMdn6+lCvRA/IfixJrTEWg+c/wJHuM/iCmK80=","VdsM+4mqK0RXFObdxy5FvX3aZdnL9CcH53KkzU9hqbU=","ghFDQCV9PYaAEgAbmUcn5ep04aJFUUDgq5uRb5oaPck=","l3V1iWY2Xf8fSaYHY/jBwux0+0ixRaZrZxJnom8m2CM=","ZNhybydjnApoYleSuBySe80gsOZSOFdSkCNQS0LAAR4=","2zW3NPRpORrdXdrQdalny5f7TdJnMsN8W3uFNPSwBlA=","oRLwgKCbsmctQA+HdfcN7lGTXfxJKEpa9ywpc5xsEws=","R4eKxN7NsQN+oOPkTxpQiSHItfLFXFewqX/EH89Todw=","ilRbuQvQoZ4eLI4d4wU7Hw5LHxVIoiMBsyBuyhubjE8=","d/bw4USVG+RBbP2xCWdjM3IdIZ6uCED55HjHzN0sOWE=","wgoybz0b/wWo4rUErYMEp7OtyJvzVMFjuJ08pAt7b/w=","8ho5EoZDyUf1sGVRqyHT+azxhKU/F/WGyHbI2AJ2QZg=","Ezz8LOK2Wp5pQ13TlJAZb04fb28COWQDO+IpACRLwBg=","vig3MZYnS6OJpqf2I1jlYOM7DbkK+TZI3P0V8IMZwMw=","24PIquo4UCjIhs/OPU8oWnZRuIURZSqXgUQBZ/XAyMo=","5myRVaoKcgCdyJR+giBWtnqZ1GAoNnMp6XWjWlO5+lI=","/RV9WmzFCOh1jiEE/snqmbQ9JNXctA5F+8bQYHDL4aM=","fXJxNJLxbCw1qlMlW4RpMVijDHJTvuH7WS2RZre+H4A=","WnfXcRjfXPGyRCzacWdyhkwRIkip3cSWNskT9Bt+4Fc=","srTLDqlEaA8VaMSnUbuTouObUublIH8AhKwVHEgrsjw=","wAvQqt8MLm2b+DIwFj2h6kzpDHiXL/2c1j8bdwBjDfE=","T9PBNq/GJjavcDf1fDAqBvnnQAZC5D3ouGO+5EqgeaQ=","qas+pAqxZAHnYzwncilh4P0b8+ydp5x3MGt2Rp2G3tE=","xwYSYGriHe7rtcmixYnvIJo1Z8kXWWUzeNFdTL7IV10=","FE+XWcWyy7qMCWc2TOxfb4N31276SdMQb3OAU68qS90=","7Sod+A5qn4u/rg0NwWyczqAbshh4SjCz02lwOyg+eE4=","Oi67E+tBbscT0dV5QJsLSOXtq3gUPSjf3ZUSEhSNx1Q=","JMDLXndCD223hGlABh6zDs8fJm5UXynC0Bc44Xr2EIo=","bVhxSl+cvxjdd9/D7Pm/7TnJCC8/rCHajKWuwqCZPdQ=","Pkunj8fJD9xPrHq6taDs4H8b4hd32qtksfggrady6EM=","Il2mmu0YlZoE4X2NT5i5xnmlYyuMg7KWoZb+BCQ+h/U=","bzOyOAuxWXYwuR19RzZSSnAtyXK1UkQotzzmdSyiGPQ=","MTE7x3n1GSfzcGpLGRjpjc4Xpeb9yFuCupxvYxl5JLk=","2AvLkP4EliAhXfX83nQ11spMH6N0mmN+66y9KLFEq/U=","8bCvUUduKcCZqBUoFny6l/2QcXaZVNHMha7KaH3dY90=","NiI/f4D6uSWezDVQkL1Bwi2lve0V5+oW9IJOQ+kKpis=","MbxKbwvZe4wHDbHLrr8akZuineekWW7qkinsxk2jkKo=","WoHmNEgW8mcCzmOxyCBLp9hiP5huEsQv98zrjIwOr5k=","2mWEvruXzM2uvX81dVa0ss6DS6Hr0hMJU+FfvjMePl8=","B5SLt3VyeoZttkE/eC0MjOEouD4zKuHI5n8Y+gijWv8=","zhbfspIQMRpoWNmNb3KKhElgmKjOTyMOWl+nCUuEs6Q=","t/1K880LFR9blw5I3aPKGziNHANx1eA1A55fGPWZUOg=","DH8XDk/bCMLlLfwbGBgnxllClHhsjNXH66BLbVGPrKA=","K3xIKoP5sIy7rEe0kpandbdduOEm7RFnjUwYl0H2K/U=","JPC3or7kbnBSKccqaqGe68qRk0uClSLUvB+dOoXtL4w=","D9Tf38tvGzuC2bRHB3lpBehyHFnNtDc3n68gIeowUqg=","UjN81IccSOdf6Vva47m6rlxqDJiDKOnC3b/9xhgU9T0=","6FUfwjEcfiZAnjnnCIh76OK+T+fSw7uvUB6ZzCJ3rRE=","NLO2KxpxGFr1IJsa99uVw7kAwj3fhRdurnNIluanois=","ZvU00xxKlQIKlVyPCELYdo6CRRFLnJHALT+AjB9ACTI=","JA/IOjq+KLx78XPDMRSvsQhUe4Us2l0mhWhtSvPdUsI=","5zqDxqjzGBL13I5KM1fJZBShW2QHqCuC4u/WXLfV90c=","lAA6pGTK+ThFwYSvF75Ku1Xg+ZdEb4GX+L6gXmcJXj4=","82ryAS9N9OPPwG2f9jVT9V6CWF8qvdNV4QeGsZyrFLI=","ktvQHaDwi/uH1G0vl7O66VprOaIC+TWV8TD1MBE+e30=","h66lc0yhODuxCf+MTT3jA1MBnm1P7YD/0+8haePsMm4=","oM18z3TbwMRA/MLG4pRI3jXfB82OpqvoBocm/lIRySA=","UlVYTYjDV2WO9v+PXmLGhIrMNA2M6Wv4pktK6KOvqLk=","UWEJwbOw2m7J8fNZcLgY7IedpoJ/4fJjY75o2gdfjSo=","ZlFlxTaK0jx3REzvMK332Yf0eizrOSovVZEt620/rXQ=","R2isN4/NbH+ZXFOB7cqNtzTxbx6L0C1n3Ks0db1xwdk=","4nuh8/OBhC8L4lBJUN0qbhLQ0un6izFzIIZyyWXgFxU=","GCP4dXde5J+Cfjurn5oM7yXc8Sh4eS0zZ+lEIE//Ef8=","8t+dIhXTJ5L84RCBwluKS6DpyATWcwQEgYkikGUH3nQ=","+xaYlFLUevKCtm/N7BN0KKs2v2vQ/CsNO5UQOB0bn/E=","Tcs5F7C/gI2NbDhhHAjtrjxqLBevfO/+uIRSeZyyEL4=","GLh/I9EWU3PcS1H6DfpoEeuS8MS4AJ1ZF/x3FLPCbn4=","Gv01+vXpRfrbQ3TfMWiAeU5NudzfQiOGWkAqUWV9KZ4=","+4LIVpmHTJF8IpGWfiewRy0FXi/BHagoY5Jrbiv3Juk=","+S3iZ30LC7tAhKDbLH0dqVrx1iXpfcRciOwy0Pw28CU=","+rHbKM2eugtJ/dP4QzvWHjCt/hdE4aZ5krk+kPio4K0=","zN6Ps+RJlX7XnBxp0wmElR+S1RT97Y9t2aLy7zHzxko=","9QstK3vXSHhLnABfyMsX1cLiTU5ak/5i6ETdwQ2ENqg=","6KY0snSf7YjCqxC/1XTYlPmm09T1BFA1UjyfMRE/opw=","Vjm5kR9bRRRgtMRGRBRF5vZRipEuo+eXXcz8Ehgx5Y4=","17ZxJ+LYQtof6Es4NtXYiVm3sGY0cQQgkvVL3V6TJKo=","NYeEV0Oucn9t375L78uvegMQSjcNjbJeQUPW41b8hfg=","26ILZ3J3GIN0BgWKVNS+Kv5xWMaxWy2KH2SglpYa/sI=","x8F7oNiaJ5fl4j/iSZOk4oUR5jz5QbrvZWbctZXNCRg=","cxBrrcJDDDH2M/41Qs0i+yvAm4J214ddQvBghwOeka4=","7hFGMpAsDRwXeBAZdKHMY59PSUAWmpSjQPgonVM3HEg=","ZlSOQrMeUJJqYW8oICNYsMsNLc11KZZPLNY2GlSaQmc=","S29djxqv1C80qr0VhRlbs4jLwWgZt5dU0y4cftxj2DM=","UrhoacSn9sG56eYybfr0QNldroLWtdd3a+wW3xqqrCk=","c5KpDbXHHiGILdI9IHc5IxG2H6pBLFN631MB820v4yg=","WC+U6eF7Xe6IYe8xTp6Y0PNxuo+L5BR560EmO/3ggXY=","S3Bcm108//GcNVWk/htQPAlc0givzLiAF0tAANkUT08=","uwftj4V9QtSLCEseSuD5uBsLFmJL5nmYViZP4earxmE=","gQgmME/CqSwOB4Taa1bQkmvlCbFVV6X1FVq8/nmACF8=","mQaIb0IimKlTGWoS5AsKMU8RBuyk2cRtcUrLIxHCKvc=","L1YMr5BwBJrk1W972iZ/7CRpw7LNlUUwdgDrzX1J3I8=","W0qKBpmEZdgCxaMG3/d9/bYeclzAiMMLpS1elaDgCPw=","Tb6zGY+tS6k1hgVhBUi2T5kn9qgBbNHrLx62Jq+jfp8=","WOOkjpN52XKw4J9t3ibyc7cje6BHqJl0MdBfQKMgp5c=","jhYXsHj7nMZrQsHNO+slSAz1uQ0Nyrdj5K7AG6r85T0=","7H7qiprmkjCETCz7tQAyY+YHawG7BRLFTOx/LWktykU=","wyhZu6xh+XLXQedYKSRdnUA5RFwt1mJw7D6NF10sC+o=","eTOdTvFcAQldalvqo4BIhrgGCgCvwJc/j8cAaelNmfk=","Zb6JKB1pYsA4MFUu+T4rh4b4iRGE7EUtQ6I7Pjg2XkI=","mGvI6Z9tiRyCGDvDRIpY7p6R0Rn9VsezSkxpaDgRPQs=","Zja331UmT21UjJm0Woz2GW4xh30S53uUkWVExoVl0JA=","U7GRBNdosN2nWKMBxPk6upnGzxbG1ZhtM22UVRtZmtc=","BpaeakeH0dElU63am8zEjcYfGw8V18IdtdiSmVRXXEM=","0pfISGyMMwPwAq/AkrDetljDxKlrCZfxNqwBj8vauHM=","LSNV8GDsjiX1YeGa/3TDHguZDLE8ZVljIqxOEe8lJ9I=","odSnlrL186m++4D27A0MuCVLiH+WGHjNI/8b5JosGYg=","NXG5QhdfnCy6TJKiijcBz0fvRzJGeEuPTXzs+MtVYOI=","84CtPI8ZbKCHUFdT7nys9BLUYA9VAPAVCW9/x+Y514c=","rQ5pQVV0ZjhXEbGvy3zwLjHHigTBIkrIHQkDLJpyIlo=","6Ux/5NHzlZn9B6191j6sGxLiTmn3Icv4Dx8XJ3Uxbmc=","9623KlHqEQ1ERK0PCU0UhDjVGI1i1PyumbBXqW/8WZg=","H7rLtR6FSwdNxTb2YONbkO6h6kYFf2Z+9bXZ7w9mX/g=","DP7c2nT+Jj8lk0VZmFLtfIUs8TH8lvllDEYmUZXQmHU=","/hZgXOMXdTC2JD0GjKKUvDBuYqRKtVlV8cAtKPPRAzA=","+IyQ88EGq9tq4ARZcUPNZdw422SCGnRbAiLfayMwCTM=","wcCv181zc19fLAN4Ny+uy3+vrea2YZbk0s4IzsWTVy8=","C/ggLZjYxFm7XFQP2FYmzG3ejquxgUiJL4/5mZVpArE=","f40iu54r0timcWQ0rUPIgHru58C8Uw/mqcLN3KpKV3I=","DymAwu6fN1zt9lp3IMX+07McwfFsaUo2NNm1+Et6ZJ4=","myijKDVe/U5NttNpTfQWZUpN2ivNTYiEj9RaxdloEDc=","fhG9+84TbfUGuqWixHDOMNrFV1K4oVpAXKTTNw7cJqc=","xVX4Omul+NUGPbYx1DgBFxkTvxVM2EkdcXGfDpz69KM=","XbpGArWv8+PECtideePjCRtWCTUO7LVuf8Zpx8foGsE=","axogbFli1+UuR5lQAdVsqU+DgsNt7bBY65z0ED0r3po=","mVDHrfPYR/1+GrC9TjoTwdkmUUg0/dekAYLi1RNjpz4=","VcN2cUSDFpJYolxxxvuhSp4SphKMRynTyYXP4jirnRk=","iuAFfhrlB7NbYfXug0IAi3jxz1V57kQNTOIj+hQx5dQ=","4M8shrohemm9/ZeVPdkNrfGUU3nCtW1ND/wj8mx4eYs=","Wzf/FR8Uum5cvjOEz8mx/FEAVyrM9Rnwc8zbQSNQsQk=","gdChhSHArtKVajM/ASmm4bp99iLkwCz+FXgu0ccnGgI=","ry7BOUXqV+9cvC8XLYasA+Arufn2XhZl2cpOt1AIhfg=","mxamiWdXA8lgDPSSQowh00GmAskHqncr07GsrnbONO0=","m0odvp8tcbO2QLnqxMyfU62JeV29PkwkCK7w5w1OgSw=","yhegP0sRP0/mR8DShD8Iu9T5epf2WzqBx3NSnPEGByk=","nHq3CV90yXhN9WxLNaXHhXR7ZnkzZbBWv4qWVpnFYo0=","xaC94ppmCim6hWg7+DkAvQaYaxxvZacpMICrqNAIPqQ=","J9rW7M6fhK+6KnveHJDArBQ4mcKmy/lBpg8mHqyh/sM=","OjT2dIVT9RQGYQNiR4l5n6HmTpmv1qsyhM2D51SgQ5I=","iqERGgfWzdtxegxm0yeI29thkaDqlOPdkvUrlUEiGP4=","nArbNjH1IQtko65z5DVEOJoyWLREdyGg+VeRHUeGJHI=","us2Xkg8nYFzaoYg+TeIteDlprdJmzrn1vjaSCEMvJ8o=","jv+wI5t1pz9hrKGevIAwTUesRYBdF8H957WdjMElbCo=","tQJ2xTetUU0lt1ixYqjFKEzw8+mV0Sfw/KLhjBa0iuo=","AZLgf6O3ku+ItPD2q0QNSlNmhzHCe2rsaOXplKklcLM=","T0QL82SqYZht04NsUgzwTmTeSyG9bcxYjRsaPOXgGos=","UceF7L/3raiNBDtZMKG+gWljvBkoWPBTqHbDXpTqORI=","kk9J0elgkw16TpkdOdVdhV/lkUQCNNI/WTkysOMH+fY=","Y5Zr4E7zhRuMLyL/tI1ctBadoeR+yKfj0aA/XgHfSlE=","qjfDAlkCtHhdIk+gT9Hro7NcmmyfP9fgJbCR3t114E8=","F1RlQZbcRFazQxO74c3IyCrrqIHgBzsZwa0uK5xFEtg=","m43viCUf9uuISuuLT3NNVhKAq+U40z+pzXrdKMXdS1M=","GTlXrcwYL2wRXMn1m+hT6LUj0zSAV91l7E5Yxeb/lpU=","2Mk86HBmXvYOrmVGv6o0BpzvZga62sLZ8U95gvdSMxU=","6Ee/AOLUjjcrri00aHSHppDADGr7rSNkJUOI/Iv0cIM=","OO3gig7LGIuSOckxOxczac6GErBxP0Flv3I70vvpb84=","70OsiSInDlxGCugGuSNqsrBzS0Zef8tZocZ4bceSo68=","4Vv8tb8SDuLsOIFMUlgPjnluCgU9wYdg5J+/ZNtEnyM=","sL6V6YeuKxFfALgrTl7CQZcSzwZcSk/2JBIbqDNFa5I=","httW3Iw5jynHXY2tE7Zq4w0VXFNvmI44E1rC37kE73g=","4Za3aG76k/2akY3RzTnZZ5Z/2PjTM1Hs5ED9Ph7p3GA=","m2c72GWMHPIAVlixuS+0ulLTK6+YF3t4vxQh5KOo63o=","qtkzo+hCH/1AY1iqkip0NGCKzEpCHJPO6nZP3jVaHkU=","1Jf9ifU/WlkoZZbIYRIBILVSb6XcGnH2vIET9EFR6Jw=","C6OlwbQNmtsCDmLZ9A6fEQYTFMojC8NrjMXlhyFE9RU=","+/4rxA3ne8AA85dKkzZcZJQBGJr9USrHVXBEsIftZyo=","oecAd7+rFUzeeGjPsoc9O9+j/ZwR+DXoxIFC+MY4z54=","RDMeq+y/GIfAGJMGPsTWtJBBk+tbct0t1qGBvsBJX24=","o5QK0T599ElpH6504AZtx3DzXA7P18vOsmCYbxLrxEg=","v5M3dTOg5ITisryRErgUJutGZU+8MkriOtQ0i056DLk=","RBAzpG3CQDiHnrn/O2orcFFnoqUiZ1h/8DY7YyXSbrU=","PnG08MHnlFYcW22pyteJkVJXv3Gp6QLxnlr7kx1LRY0=","2Zk00c92n8dviwy/q5/m4NVDdq48/MbSs3sCJjd61/8=","xKhhDzuvyaPriHzZfG2gWbaBHm/RKmVOMQFk3g1B3SU=","+YaBpr0x051eMVfvgkWkItCAf61TAhg7JJoMbJ8e9Tg=","Uwo4SplTH61IjzExWd635v2m6RkLIoK15I9rRAOdZW0=","NMur5XAZdylEJyLPAlA/eqA2Uvfv5rjGVEmi6sRvi10=","XEuG9RBXnb6kRUDomXhHWnvu8lKBppluijRuEQoGWOo=","AXAkEkf0FdPyLo/ksATG95EFA/y4AWyl/rDlaP0la5M=","/lOBgP62h79B2LzVabW2QiEO9sk77lrWtFogMVFdJX0=","dWnuY8EFIKAsNtruHVZ/M2PwIdlRzH2pMSNHWBYkLfM=","3kMHXR4Q2iRXljDqwWwQrfgRAy+iO7IIHpTl4mZ5hiA=","AN96IRr1ENXaQDERYl4MLN4i4YjpsYM60QcgABuRGPY=","LZE93y4irb0VuT+nJFJOOSQzqJgOrP5JUzViDSvEPDY=","D56i1/urUZTXZlrSB3urSmhHtwFtyLHQSjHo/aAXsBU=","jDlWFFqVyduPpfM0DUVyCgJBovTZEomxz80gaEKNCmc=","dC7Gu0GRBOu+uRC9oIKEhsRohLr8xNbzBKbpfp2WYbQ=","fLiO9qJMOWt8q9qkFYfkw+IkhGJfoTny1aoTnrHmatY=","qs6wv9q9iOewkK2hDR3m+MAbjhKX96BvXpGek7sXc7c=","nRoxlbDtrhx+LhdIXrBOiHxlCyap0kHAyKvFLlrGoQY=","JEunV1S89oaFbOBj4c/sZyouqt6ZpF0DphgS5pFiCZY=","BecvqbxsU7fJtqkZU8V9EBmYa5e8D1dkTht5FFlR4aA=","t7HHJq+fYC30FuJHJBwdrZ0k1WByKdxPmp1obrfcBHc=","JFgpgK2313aTgmQN7qJe6UTJjY7CLwCFALSt6E+GS3o=","atUambGDcR6Rbf/57MOSwPu4MaX/cvzLn64tXcDrzaA=","RLxAAtqwHMafX/ZRZmZ7/657LN/itaDaTizB9djrTl4=","eJKsUIJj899RycM/fOmP73Fcp4HOptGR5vl9v9K9XxY=","2Gcup7govy1FoRs3N7c+FbNOtkOLE4k0b3xjyXNdMfo=","xBnXGqwDZyB9xBmKcGE2hvon1Tm6B06Xlr0wI+3Hmdc=","EUjmVeyk8uNUIjmi2M4F52OqSXcZey6gmKOdSVQ+0K0=","fE5YuvLx9odrcM+eKBhCrc/fWpSAObD0zGgJV5ee4iQ=","VuTjcu0IzqwQeec5MbYQg68q0Fb4oqGV7BZjJbhNVQg=","MN9tZqep2ODK5amme3JIVorUiNUAcuSRdjZkXhxHdvI=","/sEuQfum+EJtLXBNA6N5A8jmTJg98du3OfJPXiEDUbA=","Boex/iDm2aSi1scKM9M+8/9CFQbLPVVrjqoYHjA9cIM=","Lkr5PBAKw7OqjPMssg0TvYGrQM+3lE8OK8gmBfPXvwM=","k3rCyVO7D67497G63jQNEjyBwYTV849Bwii0GRtsU0E=","bWpxQWz9N/QInE3JAnpKFYmYKsAtU3pW3bnyT8y1xcM=","L+/HYs0D8F0NQGOhTjzi3woelsbhg3tXqpn1D790iUY=","xx/JlSFjdr4LNKS6Ob9BMcLlL/rqbWP8MYSXBCzwd0c=","JsMXQoxsezyA2daFn6AHt/w5j+Ltoanua+6KSAD5NXE=","baGYe4IkvoRVXouDW1kfxaBjXVpivl/kp+8sFyAQMMU=","DiuYoeojYNcoa9bDWovP/XEYEWrpLBh97+rtiP7xjT0=","3RmpKJziWVmgap9TRk5QCIIi9fntw5YYmTNY8YdwSrc=","WAHeNkn8nzhIH52o/nhxHUw+PFXKV48lYBRRvEuUtsQ=","FT4X47dr/nqzLr/G5dFDSFXsSFcPq3n5hh4eIXvEkwQ=","YQ32MjfxSdc6HHiDwI1/CtuDy8sypwNwRnzc8w/4Xw8=","spyQ99QPTcupIYPoDCpk9hRtCYuif43cwUY89/Rf2Ps=","kgYKhzUEbdi4lI1FUSk1yz9/AZYMblAB7/ANST8SVSg=","BzvbvL2aq2eeTdUS7X3ke631xs5rog4uGhDMxrpvy8E=","Tb5CYIRRf+jJo4ra4WCxAkldGDwcC3FgfxJeDDhSzAE=","8WXyFw43vK/TrojGmSI5gLnclWjfnu9/GUgybzNnaAM=","+rAXjpJ1b2FRD+cH7+0ffj4UTw54xjkR9GxL78vFOSo=","pI+Tcq4avhB8+55Q7HFa7zip6iJmqWsWkg6AprhnedM=","jb28kiWfze4WzzZdpd3QNhr09jVS5nt3ZOhmz+uoQGs=","/JByRQdmn7a3XdbPcpTJ7CEVP4yk+DhLTOd2BBdbdcg=","PGVmwfbmrSmXsLeq5BNL34+2vpSeAVrK2NFUpHsNzmw=","DFJLo9TDI/InQoeXMXoBGCGe+tz4SnKNMt3Ba3ooGYU=","L4U6MNHloeJrWD5zUOxpMVlnPrMxq5bATVBv81LJIPs=","sPFbktRFchrSDJEE1UIykQMTC0sgyARpX+htniLCnNc=","4K5eLyHSjIBiQnOiFewCGffqglhbLot4ueddQZSeEEw=","+WJB66cJXJeDN5UjENsSdk2KBHywn6gVuS6PZMYrKQc=","RCFX8gdaBwtxhABLcIVVibdNc/+c8QWgsNXRxZFKSYk=","iz2x0Cjn0iDJ42pj3C1i1AOALm9OC82eq3VfcrXj5uU=","fVF4v3DFmwz/omU7B99GU4bolHeee1jv+8yj7YGk8m8=","HeyYvVk8RyE6CFIFOWYP4/t904b1gBPBMzp0fR7mx4E=","E7nTsLap0Vea9jZ3oQa8hT6B7hZwqVf6WmZ8JQbpEVA=","roF+y1q3BPuXHtNcd3En957oXBj4KH8CMhc5BOG0/3Q=","srQWsiuq5aKD0No6mQtxDyByF+G+NGkzTpmgwmr4NEs=","wCgonLNPGZyLe60fEZ9SBgYE1EF4Wr9IYeKpsbEUsbc=","cMTLXie8AxZn+tAX8f8KBSi3QmsyL5F1xLq4+OuJPfI=","89CQynnu5rUdv67V+kHHiFdF3o15CcaaS3aJIJidnxo=","WeIU8NsEXrved4rAyWyS9HgqDTQ00QeKkyBIvnsSYK0=","GNaX0v4I44pW1DIdiydJfAsIBkiW80BuYC0qIOkByIc=","gBvubZiqd/vx0xOZnIeV7IKexGc5S/OBJI7iQkAKlB4=","ndZ2BxlLtnmkeFymca3ChYAuNDb8JSas/fMFBnWq88Q=","nswxAqcyJyfcykvyx5hIXY6hdPx4S9gk+6UUHyZFwCE=","8RDyavo+HPMRJBS9TUkeBkEBCLulrL3QHGjNidnz+VM=","U7J2omB9RTp3LReHO6SaJEzs4Ty1VDcPcYEfgXL8L40=","vlE46/tm4jpsRj6ENvf3n/7wIlRCBvVUIrzHDfK+nY4=","Nr8ASfESUralbfIQtba/ojjLqjKSGV2QV7DVVv5xH7o=","wbiTybKZ0CBov6H0FeLg6kFaCMC+L7rdBSZMKq94V10=","p7XClACVNDWVGJA94ncBgQgql1fKx1IX+Hmomk0wx2M=","brVBOAnP/wUlmgvVdtBMkNyPD5Iq4TmKy2sIC0yINvw=","zT0lD8Qnkxx4iG3WYiTP12LPBWlkfnrB2vKOS7PCHbo=","fh9B9XLWiFMGK7jaqj6TKKO6nNUeMedopVPl4InKlpo=","w5OMFcv7UT5juPGV2v04jAiJfc9kwxFpHbjJYc2C9Qc=","Hq5tDuWcrlDf6YpoIo/qNxQQSbhyNwDUWm1JYdEncp4=","IFn1zZnQL5FhIRQzQXiqoo8KzTWY7Qbbs2sLT0zr0fo=","P8MOov5r7YLLbcIhFanRNl/BsV0C4ILjtf8J+TUZ9F0=","Fp96oiBy7ndVUAT4AUKwYULYArjbyLn/BhiBqX/+jcM=","ungl0VNekj39gWqFFeG5IqRz0KcQZcyoSIP5OQBZtpw=","9e3F61d1o7OnhLDH0cvBKxrgeGMUXaLUCwkXXMV9S9A=","Jgei/JK0wGXpfC+rKUlMl+g49C86ljj//QqBoIpHPBc=","ujgV4h/6zid2qmip3p/6Ag22J88QC1i+fjkLXjuYM/w=","e+u4QwLgsnu5xPqzszqqxs6PO1v+fWerENnAn5wLznw=","FgEA6hbBeTRXb9FPrJxvNBrdLxNENa8ZVtPpjiYSbl0=","NZb+GuOfOQzeBQN5hSQlQ5Q18n9ffGykupqJQ4TZwJg=","s1mJKpFL4o2mQYZQBuuv6AGKA8Cc7nJoUDLeIomQgTk=","j83y3Mjwq3/UYOts2CCmuTPSGep+jgpOTKXANUrZMUU=","6dviaaKHt1jRzV7GaFq6Fgg7pXSnmHOOkyd/ITVoEDM=","hDe+9DboOlpa4nGC5XyA8qtPF8TJ+JfA1rYaH5NUCVc=","QIzh44Jp9HITbTsL8oZgNlOwJt7gynK7FUBtKiw1vQ0=","0S3Ai8l6FPQKvYbOK7q16P58K1+xh5BFmUJAopuR3OY=","k5KDwXzJSBurLvKHfwwAj0kgd+khUj7g2XN/JKMvlIE=","bIXApPNC6C0xGZfTTA10RhKklUjqIoZOrzu6RkqeCOc=","K33kXiQA0NU/xNnE5QWCcbTAC9N6VLhDpM9JB8Y/fTU=","7Gqvih8vEp3ijptSNOkVLg9DOXjwILv0kYe7HP/KA9M=","0WJUe2b2vV+fGP/BtGV1IRF6wvfNnwy13s6y89O9c4c=","sJFhoDWV3m7A+iM0D4uSX448n05c2cSh3kmYqQZsAVA=","7h8Tbs2bhtzejuTgl/rxO1t7F91WNWjroAzre7Q1f4I=","ewReuvVSEJCt+e8heEJrb3nmhz3/9narSHU4JKj/I3E=","BsJ4fwhcf1QFYVchE47fxzOPVF6jt3kRSgKBCc/hSf4=","SbHWBVDgAL5YhsVisDp8hgTcsrfXUkaxYD7Nrw3EtQ8=","A5Olz9P5rWmHifGtUSTjdIMgj/nT/1+aRHcO6ayVaKM=","S/6k171IT/gsHODKnyFoOCV21y618WU4u2vuRDVLecM=","/ZQ5h19cCGN8nFDcD8MysppBPOcLvlY8Hwdw1fn7JP4=","nsm3+EalEBXrDYmN+WOkzFoLAAneD63BT4euDTeAhn8=","2bg8iEBfRuhIFmkStwjp8VOfALT2I0+AEqi7zA3Cvh8=","B7ERXDiecVMmrIyHhz89mt/irE3lExHZtGOZuks5sjI=","TtI5nvWQeVR44biukqbaiY5eaXi3UMYSUq3eOUSYfGI=","xY1lOtMlz31QOze6E3wxQZhCKyDXSRAN0OyvR9EKsmc=","rvXJXX2qG0lU4pRvfg1VzYyDMF90abAIPyyV7XOLMsw=","lY1sZdhwUY3HVLJMSziq2fwjBinBOe2uyNRrk4JMDFI=","mVv65anoyliri6iZFgy0tKgA3fCTB4y8ofuRymsz/2I=","8L6TuamLulMejAeEn+KxZwxtf3Zmvc6jAQbR9IeVhmU=","Zqtm4MgIbEzTPexk8xoHaiNKXWdXJ+trfm3ghSTfmNA=","0hNS4/kZ2Gkxu51WLRLjgz8JINMBzB4YcJR4hAZbPUw=","RWYW5MpgoGeDI9XF9avhwRU77FF3FsESYEHyEIn/uHU=","ousDQMKndNGgEMvJ+4G5Vqg4qixm7WNxN0lR0lowEIA=","rgLJTyqugCecPjum/nGbqLgBQ72+jYsIEdZOkZXsPa4=","x3ieoQVDFS3XcZOQLHU3aQberG67ZSroR/sNCV7Zmmo=","L0/uHWAjZdHz4DH6PR3qC6fRaqRkon7RpQHKalS4l6g=","ErXjzXQqhxd6ElXx6aK9JobRaaA4vBRx8Qt3FlktUBw=","qM8cMuqifPZNmjyp6Wj7LvLktofPHT9ZrAkKB9ZdN1Y=","k9rEImR/EsN9sKJBr36kPCVGvFm6CQymAhTq8AmEv5s=","5MxAVdn7riMhk4Zd9wVa51gKro6I7NGpp+WobPsbsPg=","Q0T7aOfa6AZqagD6h0zRcoEkk5A+WZ959mt8N8Bq+BE=","H/SOCiE3FIKs503Yezyxt2daAW1gnZ+5N/Ggo1+/89I=","RxZk+QODX3HJGwP5qwJRTKi4bw8qmXbTYRh/zwm9TfQ=","E88jklrjhMbHgOIDaKba2+OmPvygkyAU2Nq27eBrMK8=","bwXOAeUF3gVZJygLcyD3Zpk9QdikL6jQjwA8vVkULcM=","x8gm+IbdA7P1BKZulnRIuUCw1O3zZiYeCYKdpLcVhew=","UuHfvlrYVRyOunHnkq5Mj5cRzg10q1AVKnDZyXFEYEY=","TfYxCYsJXEC97PRzHOWMdu8xFjxCi9+rP7s/Y8MJFnQ=","a5aek33OFFJUjDT3d1ZbrhtZsIir4XZ61W9GCTRGurA=","JWyk+9lUNQv6YWlBDZqLp+tJHje0n8ThrlEbnKMjX9M=","3ZA5aU3HzFOsKVcK2ih2h9ttWHH0AIfZm0+JmBQ1vPk=","lwnXzd3VU6CmJ0Grhtq+ctx9cfWRGJCGnR3VN0K6vb8=","qPSUSdLzmaOyDcELUg/e2pc61Txn4a2dB7SycxyTcqI=","wrshQ5Mu+leQdwLQ1w+UVu3X9zLcKF8dL0fUOom56rs=","Kv3QfSLJioBxQyfrqzshOFliByKiJUD1mzxdzlgXcwo=","VqkJNDYox4UJjE0gkbwfTliAVdufon57syXI1rBVIXs=","0InwRb6Y5sM+0Ge2pu5UYa4D/iwuajrhOx155Pgkctg=","kx2uB57c+tGGLc35nXDa1RPbJqJ8qecirX/vXnbxCxM=","ZhLI39QgL/ihX/hyr8XA8v3f1u8EFAUIR2Ivy8KfSHc=","ZQRN6Kgsc6Jy87i6r2aGtN11XWO+Oy+jjonliF60PUY=","eB66NtvXstIBqyk8H2ejuYxfQhCcAl0LI8ZhFAjZAvk=","WE+mydu9IMJPs+3/v8wluE5czIWiRtlseEkOlz7M7X8=","NnkKaWEWc8oUIxU9dVYk6COv0DVm8JnbTuGKyI9k50I=","IZ/qCXVaUlN8ROyaH9DZ4z5xUhvhOtGNoAs+/aOch7Q=","o/91xF2Url/Ys9bCih414FDofqFv0mG6bLFOC486/ks=","xt39JyZ+aRJfxcKgZ4URsUfiXNSTB131DO/cdeQfKfI=","kzjryjbh7e1+6m1nu3zKUhFBmHxM9q9ChFFTCWqP+V0=","1YeHpajbiMedrptkNIP7/RxhkXB2pw8fCQ+Ilm7mg0Q=","gJFYmckAjhYKD2ga8Ukv5D4BW+ouvl5LKaGfs2T6kSc=","S2KW7aev575ktWlapGQLKXeCjdn2PTydyq20oD9xH2Y=","c33t/nUh3s/hqi47249HajOeUjs/GbKa3Dj8iAsvWkY="],"block_size":4096,"path":"vendors.bundle.js"},{"block_hashes":["Z8M4vTASfjb2EP/gekvaEALgQ2vOytj5+GJnL5WE+/k=","YkkDmlS6QQnSuYX/9XMsrMw1bItBZbHQpPBM/RjqnfQ=","TCrsXg1dW/zC3gaJowdALJsF6Lqn/5jn5Gmn8x3cSFk="],"block_size":4096,"path":"video.js"},{"block_hashes":["+KaPvonolHGQFsEMtY/zX6lZ/oKuJuip350iUsMGc/o="],"block_size":4096,"path":"website.html"},{"block_hashes":["AYQI7WgHM2zP04bGYZ3gckp5MyconKI02ptRG0XEVtE="],"block_size":4096,"path":"website.js"}],"version":2}