{"file_hashes":[{"block_hashes":["qWb5dw5qxMNnPCAzw0FZfl5p7mAu0/mqXWGcB1h7n2Q="],"block_size":4096,"path":"css/icon.css"},{"block_hashes":["Htpknp3d6nkgyz3jw2l4zW08P25Vatg45wOpBg/E13Y="],"block_size":4096,"path":"css/iframe.css"},{"block_hashes":["y+o9b+2mHXH1vb4XlbD/SaK1s6gV9BstBEx9e2N9728=","MA9v80VNl7no9p791/sRGFKOeSGe4r+NRrjztSn76Wk="],"block_size":4096,"path":"css/panel.css"},{"block_hashes":["DhRT9VovrYRqQqHKmwkTzJNJU9G1waGPDCnxqHaCfgk=","zyyg3V4ajaos7oQ7ksuCeQyQ8dWnP2MgACcjIGuqJf4="],"block_size":4096,"path":"css/popup.css"},{"block_hashes":["4rXXjFAIBivU5CcZiDsN0/2GXlEC7aiyiaUp8ZZnOmo="],"block_size":4096,"path":"css/preview.css"},{"block_hashes":["vSRQY9EcGbMcGjd+6P9K3AzEx2fj2zCBUZsP7lzX9b8=","5deMUKlEbyR8Sy1BKEwpOQeo1WyWHnYZirBi6vgxo2I=","2AE/OlJkdh+dWggL9K0egGDDfa90qXv19I6FGssbwLM="],"block_size":4096,"path":"css/video.css"},{"block_hashes":["npcWvSYtMIs/oU5lMi+krdxhWF4DR3vZK88+w7s6cyo="],"block_size":4096,"path":"css/window.css"},{"block_hashes":["Glz3ZE/XjvT3tW/io4Vq+AJvybBT7j7rZUKkBwVrjx0="],"block_size":4096,"path":"img/back.png"},{"block_hashes":["yLnOBQSPH9XNXJxjcFsZU3NlW/Stg+8VS6l7k+nV0EE="],"block_size":4096,"path":"img/blur.png"},{"block_hashes":["tySqjHjgmKXZ7izcFp7hWC1r0D0sbjk2g3swrQE+hFY="],"block_size":4096,"path":"img/bookmark_off.png"},{"block_hashes":["fmkyQFBJpazGxvKJnVeGXdzjtmezWODC/z+7f69n9hs="],"block_size":4096,"path":"img/bookmark_on.png"},{"block_hashes":["IA1KPDixgO6mJjuftzOv41lgPgNLiW6er3a9NArbBFs="],"block_size":4096,"path":"img/brightness.png"},{"block_hashes":["6kNEFKDUQf/VxU43mFxzHeFkNu6xiXWDifgGiMPF3Xs="],"block_size":4096,"path":"img/btn_dwn.png"},{"block_hashes":["cBDyGq4PdQmuEOfB1QAwLn73VM/Lqq24sOvKgAElhcE="],"block_size":4096,"path":"img/btn_player_off.png"},{"block_hashes":["gp75douGAGHctwjm2nuIqreVIeywqhAjNpftVrrlEoM="],"block_size":4096,"path":"img/btn_player_on.png"},{"block_hashes":["MSdDmfFnYvgjbgn/rvqDrsQ/haPtJvJP2KDdR35A3rI="],"block_size":4096,"path":"img/btn_resize_off.png"},{"block_hashes":["T+uFyYxPHJWAuKnnTlLP1LFn7lMHTees5GbRhGUNOiY="],"block_size":4096,"path":"img/btn_resize_on.png"},{"block_hashes":["rWMPUF45VgiqGOy7oBxWeTNFyZ5g3lQE0KQ2v5RgT/E="],"block_size":4096,"path":"img/btn_up.png"},{"block_hashes":["32AdSF73BxTf0iE4Sau6rVC+jfS61OFPsTFqdafVIbo="],"block_size":4096,"path":"img/camera.png"},{"block_hashes":["3iqdMtchDyKx3oZiT253XzDJVEl0YYSuGgVfRZyGui8="],"block_size":4096,"path":"img/contrast.png"},{"block_hashes":["WeYpBqxTVhP12cltzHSxBvhYj4gHsw09NtL5OepVQfQ="],"block_size":4096,"path":"img/filters_ico.png"},{"block_hashes":["PZebus+Vtea7C2FNiZpz7f5C1RL+vNJjnY677SW4j7E="],"block_size":4096,"path":"img/fullscr_off.png"},{"block_hashes":["sH9XvD4Z8W6ef2kWFY33ad7JQ74XovMqwwS/zUvoMek="],"block_size":4096,"path":"img/fullscr_on.png"},{"block_hashes":["R2bqslcTR2El34Hcv9PYPbqaOg0uvjy5VroJ7ThlMzo="],"block_size":4096,"path":"img/icon.svg"},{"block_hashes":["14MM9tNpS5ytArDJDd5Y0mY+8obxU24hs/MZfFSOZJw="],"block_size":4096,"path":"img/icon32.png"},{"block_hashes":["ZbUWooovrwj39wW2EONZbiZhMnhDWaD6yn7HybaQWgk="],"block_size":4096,"path":"img/link.png"},{"block_hashes":["yWAXRLMyPrkqWfvreT+3Jf+G5H8pJdAG65Ek9cFeuWk="],"block_size":4096,"path":"img/pip_off.png"},{"block_hashes":["SVUvjcK3FAbMWSPaHGg4C29UL82LHIwnC+sB+zUQZ+k="],"block_size":4096,"path":"img/pip_on.png"},{"block_hashes":["oPLGCvQVueBT51AHWa43vMb+SpNxFcPb6Oih1uGrN1A="],"block_size":4096,"path":"img/position.png"},{"block_hashes":["5duRIE0qOqPmkQN+lNM4HRwXbXAhCuNxvX4mFgPAF/g="],"block_size":4096,"path":"img/reset.png"},{"block_hashes":["/QvW+EGi+453oQ20P4Hy/tib5/91rtr1+8/rQX7K530="],"block_size":4096,"path":"img/rotate.png"},{"block_hashes":["mpV9448qluY7vnxgxnw+d51XvWeVIAQo+3knUr0KF2E="],"block_size":4096,"path":"img/saturate.png"},{"block_hashes":["DmF+wdHkdtiXK45LhL1PCsVWvvBkTQGUyDF/L5NXbfc=","vqTnrgdR3hLEwOX/7z0KOQBI/RKPC2wAKUFX5X41PL8=","2hLLMNyv2IFG0JmshGBdl+zPxVEp0aV7FJxIXCsvXVc=","6mPdv0Fe241wER/Mdx2w88K/hm7wHAncOPKxDaCeanQ="],"block_size":4096,"path":"img/save_size_off.png"},{"block_hashes":["pdbAOvtf29SuOYeuZi8j1pvpZaY/x3GzVX/PyhP/Q+g=","LYJ/nE4/ubRDNcZuc2EPVaBsy7cQKFcBblVjSmpDRVc=","U1nFXMjRI+f7NmBxDyL79jaTa0MqQGNNGHETimxoYpk=","u/Y/wkaHJIVTMsJ1js5kk3c2vAZvUJLLXNWWkfdwXP0="],"block_size":4096,"path":"img/save_size_on.png"},{"block_hashes":["eNzXYle7uMNl2fXYu0UP4UwPpB+JY1kL3XDIM9CsI4M="],"block_size":4096,"path":"img/speed.svg"},{"block_hashes":["/yRkHMK8DstJ+Z2mzwenFUw2dcEPalQyaMIS6ec1Gh0="],"block_size":4096,"path":"img/trash.png"},{"block_hashes":["pu2pU01sddSqeMI4OpjQpOuc0IDIyLmGYROPp++zFs8="],"block_size":4096,"path":"img/volume.png"},{"block_hashes":["StOzJ7sGyA62A99F4lZulBTWzYY5Xs2C+wNDN9wCsOI="],"block_size":4096,"path":"img/volume_off.png"},{"block_hashes":["HKNEHaYXEo0TDQn9Lf95qEEmTHyfgTSIYCZc/SuptJM="],"block_size":4096,"path":"img/zoom.png"},{"block_hashes":["Fk8Rf4P20dlnkFcy6lGOTZYMePRMMqCa1on133+ou4w=","7ZBMcJIiqZ+cFAwQHAdPldYRbsPsee/kIvv0ay1bqzg=","of0gansjSyHKUaOP2VQ3xHZrbIRqPEC9qeKFuE2t6hE="],"block_size":4096,"path":"js/background.js"},{"block_hashes":["AW9hGL09TRfPDUBW29ax6c2to2ZciTuLZeZJRhCxcRY=","qQwixesGrrIlrnCJkhFj6AOa2cXuYs4vf4+nZOMcLgw="],"block_size":4096,"path":"js/bg_panel.js"},{"block_hashes":["Zn8mFkPi9gm7Yfx0s1A1ozwpBtQJsIyZbTetW5Pr680=","MW1wuuDo180bq+UuycxdpzzW8MbbNfe34pQACpNZ31A=","fNPFO2wjFpgdQp80o2CafSdD1jseTTpod+3g3rvNQG4="],"block_size":4096,"path":"js/common.js"},{"block_hashes":["10S9glDJesrk/n3fBzse7bxyspAUZFWaIxFY/zSelvA="],"block_size":4096,"path":"js/communication.js"},{"block_hashes":["pYwAk0e/hWrSAdxJmW+nIO53hMxSsrIH2Qv3uo1OET0="],"block_size":4096,"path":"js/elements.js"},{"block_hashes":["vzKEvtOCHT9na25IqrY21bJP6ExLyI8Ncv6kWc6utes=","3E3ioqYB5WGJ6YM/v0S/o0Y6bdBZfuqdD1p6qVNpFLY="],"block_size":4096,"path":"js/icon.js"},{"block_hashes":["wHhu098AMbYeWoWV0n9l0qliBguNPwW5v4xPpwxA9Zg=","j1DK9Hx0EZZXBojbSEB1FVVL82A98DMEYSQqRl8kjAo=","LmcAxGIWzw9uQQUA4E4JcneJKXP4saeciTyRfthcgnY="],"block_size":4096,"path":"js/iframe.js"},{"block_hashes":["h8MwiqWpct4jS82U2VaZcqN14E2Eb/JqWzUIQyoJeuM=","3Q6RE/F8kEwf6+Uj9cdk2/A+U9kiRzS20AIJTqUtL3I="],"block_size":4096,"path":"js/mainApp.js"},{"block_hashes":["2H0BfMTMoi9t/dWJaLWeAXbJbbHz60WhO5oKGTfwrzM=","YP82G80togln9cDOnLmE1ZfKD9yeNZLvQKr1foSIdnY=","JJo4WhLeSDgcZNbyskGm2OBidGXKTzlwdRyKFOCSqh8=","56eYIjg+D8mGySKnuGaqoqNhbmkoKRZQtrjxc6wCXLU=","GLcdb0/5xV3FihmR8lGagjiJMuilQb+erq9qairb/kE="],"block_size":4096,"path":"js/newWindow.js"},{"block_hashes":["0PCPmD06jfXyLisZ3+Jip3nwtWIqf+0re7jiZ9hgukc=","Qu/wPIwvKYxxtXQZEC6UA4Z90U65Zk/zzhrjvO8ytZs=","qZlYyT1eDDe6FrajcNXuQcYJ3VHO4PiRxboXgv6L8Vo=","qvpXpizry1ZManhns6u4Kg1u238opUTJ0r3O5RU713E=","jChm6ZiOKkaSJEmbeizM825Rto/ltslMBxlG81bNH98=","VQ3Nq1YN0r4ass0Sut6hgMcWm0H4ilOD2MfZJEe4ypQ=","v7ngB91orDHb0tP1y6ip1MUeSmQODnKIF4kijVRXlgI=","VinLvzyowH8kXah0zbrreHiQ1QwVXf8wqBY0FoMQjaE="],"block_size":4096,"path":"js/player.js"},{"block_hashes":["/dvmYN8UKBgRHMwgSIKfjeTXT13JJDUBvMC0U7tK0Ck=","qDQ6eRVyoVCICfSmtTqQaIOjJuhEsEQ+i9qHGoMyJSE=","RHdrdiNux93SZQEprGriBBrO9wyp/8MyMqBTQ7gCx38="],"block_size":4096,"path":"js/popup.js"},{"block_hashes":["xm2FilHdFwOqN8qg6mVbmXiGf4kXeaNea2vK10DKQkQ="],"block_size":4096,"path":"js/storage.js"},{"block_hashes":["eA74nB+XAm78CC+5rVyOg/L3OvNqLDDSMIL4Y8Gg8Vc=","YATlB4s9srWafvx2gUmLRzmun4tvgkos9MeCcEEHbPY="],"block_size":4096,"path":"popup.html"}],"version":2}